company_id,round_type,announced_date,amount_usd,investors,source,source_url
abacum,form_d,2025-06-12,43265849,[],sec_edgar,https://www.sec.gov/Archives/edgar/data/1856882/000192975225000003/primary_doc.xml
abacum,form_d,2021-04-20,6708060,[],sec_edgar,https://www.sec.gov/Archives/edgar/data/1856882/000185688221000001/primary_doc.xml
airhart-aeronautics,form_d,2025-12-03,4560848,[],sec_edgar,https://www.sec.gov/Archives/edgar/data/2098734/000209873425000001/primary_doc.xml
airmyne,form_d,2022-03-28,625000,[],sec_edgar,https://www.sec.gov/Archives/edgar/data/1918204/000191820422000002/primary_doc.xml
alba-orbital,form_d,2021-05-14,3400004,[],sec_edgar,https://www.sec.gov/Archives/edgar/data/1861578/000186157821000001/primary_doc.xml
aleph,form_d,2023-11-28,16707000,[],sec_edgar,https://www.sec.gov/Archives/edgar/data/1999166/000199916623000001/primary_doc.xml
aleph,form_d,2025-09-19,29236491,[],sec_edgar,https://www.sec.gov/Archives/edgar/data/1999166/000199916625000002/primary_doc.xml
alixia,form_d,2024-07-23,1825445,[],sec_edgar,https://www.sec.gov/Archives/edgar/data/2031477/000203147724000001/primary_doc.xml
amulet,form_d,2026-03-12,757973,[],sec_edgar,https://www.sec.gov/Archives/edgar/data/1684003/000168400326000004/primary_doc.xml
amulet,form_d,2023-02-03,0,[],sec_edgar,https://www.sec.gov/Archives/edgar/data/1962504/000137647423000091/primary_doc.xml
ananya-health,form_d,2025-04-16,200000,[],sec_edgar,https://www.sec.gov/Archives/edgar/data/2064779/000114036125014017/primary_doc.xml
ananya-health,form_d,2026-05-15,404000,[],sec_edgar,https://www.sec.gov/Archives/edgar/data/2064779/000114036126021530/primary_doc.xml
antwalk,form_d,2022-04-20,7531418,[],sec_edgar,https://www.sec.gov/Archives/edgar/data/1923826/000192382622000001/primary_doc.xml
aoa-dx-inc,form_d,2024-12-19,1845060,[],sec_edgar,https://www.sec.gov/Archives/edgar/data/1869920/000186992024000001/primary_doc.xml
aoa-dx-inc,form_d,2021-07-07,2500000,[],sec_edgar,https://www.sec.gov/Archives/edgar/data/1869920/000186992021000001/primary_doc.xml
aoa-dx-inc,form_d,2023-07-26,23611721,[],sec_edgar,https://www.sec.gov/Archives/edgar/data/1869920/000186992023000001/primary_doc.xml
aoa-dx-inc,form_d,2021-11-18,2639450,[],sec_edgar,https://www.sec.gov/Archives/edgar/data/1869920/000186992021000002/primary_doc.xml
aoa-dx-inc,form_d,2025-10-15,8085364,[],sec_edgar,https://www.sec.gov/Archives/edgar/data/1869920/000186992025000002/primary_doc.xml
aragorn-ai,form_d,2025-09-30,4300000,[],sec_edgar,https://www.sec.gov/Archives/edgar/data/1921881/000192188125000002/primary_doc.xml
aragorn-ai,form_d,2022-08-23,726000,[],sec_edgar,https://www.sec.gov/Archives/edgar/data/1921881/000192188122000002/primary_doc.xml
aragorn-ai,form_d,2022-04-07,95000,[],sec_edgar,https://www.sec.gov/Archives/edgar/data/1921881/000192188122000001/primary_doc.xml
argon-ai-inc,form_d,2024-06-13,5515000,[],sec_edgar,https://www.sec.gov/Archives/edgar/data/2026471/000202647124000001/primary_doc.xml
armilla-ai,form_d,2024-01-10,2296885,[],sec_edgar,https://www.sec.gov/Archives/edgar/data/2007280/000200728024000001/primary_doc.xml
armilla-ai,form_d,2025-06-24,1335000,[],sec_edgar,https://www.sec.gov/Archives/edgar/data/2007280/000200728025000001/primary_doc.xml
arpari,form_d,2022-04-05,1112000,[],sec_edgar,https://www.sec.gov/Archives/edgar/data/1916928/000191692822000002/primary_doc.xml
arpari,form_d,2024-07-22,3000000,[],sec_edgar,https://www.sec.gov/Archives/edgar/data/1916928/000191692824000002/primary_doc.xml
arpio,form_d,2023-08-11,7977509,[],sec_edgar,https://www.sec.gov/Archives/edgar/data/1989412/000198941223000001/primary_doc.xml
artie,form_d,2021-10-12,35989554,[],sec_edgar,https://www.sec.gov/Archives/edgar/data/1886891/000188689121000001/primary_doc.xml
artie,form_d,2026-04-10,15050968,[],sec_edgar,https://www.sec.gov/Archives/edgar/data/2117704/000211770426000001/primary_doc.xml
aside,form_d,2022-01-26,17144471,[],sec_edgar,https://www.sec.gov/Archives/edgar/data/1834238/000183423822000003/primary_doc.xml
aside,form_d,2025-08-05,7000000,[],sec_edgar,https://www.sec.gov/Archives/edgar/data/1834238/000183423825000002/primary_doc.xml
assemble,form_d,2022-04-29,235000,[],sec_edgar,https://www.sec.gov/Archives/edgar/data/1781108/000178110822000002/primary_doc.xml
astek-diagnostics-inc,form_d,2023-08-28,350000,[],sec_edgar,https://www.sec.gov/Archives/edgar/data/1972498/000197249823000006/primary_doc.xml
astek-diagnostics-inc,form_d,2023-10-19,1150000,[],sec_edgar,https://www.sec.gov/Archives/edgar/data/1972498/000197249823000007/primary_doc.xml
astek-diagnostics-inc,form_d,2023-04-05,1000000,[],sec_edgar,https://www.sec.gov/Archives/edgar/data/1972498/000197249823000001/primary_doc.xml
astek-diagnostics-inc,form_d,2023-08-28,345000,[],sec_edgar,https://www.sec.gov/Archives/edgar/data/1972498/000197249823000004/primary_doc.xml
astek-diagnostics-inc,form_d,2023-06-08,1155000,[],sec_edgar,https://www.sec.gov/Archives/edgar/data/1972498/000197249823000002/primary_doc.xml
astek-diagnostics-inc,form_d,2025-04-28,750000,[],sec_edgar,https://www.sec.gov/Archives/edgar/data/1972498/000197249825000001/primary_doc.xml
astek-diagnostics-inc,form_d,2023-08-28,1405000,[],sec_edgar,https://www.sec.gov/Archives/edgar/data/1972498/000197249823000003/primary_doc.xml
astek-diagnostics-inc,form_d,2023-08-28,150000,[],sec_edgar,https://www.sec.gov/Archives/edgar/data/1972498/000197249823000005/primary_doc.xml
astraea,form_d,2022-07-22,6377629,[],sec_edgar,https://www.sec.gov/Archives/edgar/data/1716471/000171647122000001/primary_doc.xml
astraea,form_d,2020-09-08,3698806,[],sec_edgar,https://www.sec.gov/Archives/edgar/data/1716471/000171647120000001/primary_doc.xml
astraea,form_d,2020-09-08,3596430,[],sec_edgar,https://www.sec.gov/Archives/edgar/data/1716471/000171647120000002/primary_doc.xml
astrix-health,form_d,2025-12-23,2000000,[],sec_edgar,https://www.sec.gov/Archives/edgar/data/2093202/000209320225000002/primary_doc.xml
astroforge,form_d,2024-08-29,40821425,[],sec_edgar,https://www.sec.gov/Archives/edgar/data/2033635/000203363524000001/primary_doc.xml
astroforge,form_d,2025-01-31,42487993,[],sec_edgar,https://www.sec.gov/Archives/edgar/data/2033635/000203363525000001/primary_doc.xml
auricle,form_d,2021-11-22,350000,[],sec_edgar,https://www.sec.gov/Archives/edgar/data/1894053/000189405321000001/primary_doc.xml
autarc,form_d,2024-12-31,8823627,[],sec_edgar,https://www.sec.gov/Archives/edgar/data/2050380/000205038024000001/primary_doc.xml
avora,form_d,2021-09-22,5750000,[],sec_edgar,https://www.sec.gov/Archives/edgar/data/1883440/000188344021000001/primary_doc.xml
axle,form_d,2022-06-23,2560500,[],sec_edgar,https://www.sec.gov/Archives/edgar/data/1934461/000193446122000002/primary_doc.xml
axle,form_d,2022-11-01,4062903,[],sec_edgar,https://www.sec.gov/Archives/edgar/data/1951844/000195184422000001/primary_doc.xml
bayesline,form_d,2026-05-15,5785478,[],sec_edgar,https://www.sec.gov/Archives/edgar/data/2133628/000213362826000001/primary_doc.xml
beam,form_d,2023-09-19,40871083,[],sec_edgar,https://www.sec.gov/Archives/edgar/data/1710090/000171009023000003/primary_doc.xml
beam,form_d,2025-08-07,17500000,[],sec_edgar,https://www.sec.gov/Archives/edgar/data/1710090/000171009025000002/primary_doc.xml
beam,form_d,2021-03-04,79999966,[],sec_edgar,https://www.sec.gov/Archives/edgar/data/1710090/000171009021000001/primary_doc.xml
beam,form_d,2024-05-15,29758307,[],sec_edgar,https://www.sec.gov/Archives/edgar/data/1710090/000171009024000001/primary_doc.xml
beluga,form_d,2026-05-11,30000,[],sec_edgar,https://www.sec.gov/Archives/edgar/data/2134448/000213444826000001/primary_doc.xml
beyond-aero,form_d,2024-04-18,23860774,[],sec_edgar,https://www.sec.gov/Archives/edgar/data/2019023/000201902324000001/primary_doc.xml
bite-ninja,form_d,2021-12-08,650000,[],sec_edgar,https://www.sec.gov/Archives/edgar/data/1897428/000189742821000001/primary_doc.xml
bite-ninja,form_d,2021-12-08,3462000,[],sec_edgar,https://www.sec.gov/Archives/edgar/data/1897428/000189742821000002/primary_doc.xml
bite-ninja,form_d,2022-05-09,11295000,[],sec_edgar,https://www.sec.gov/Archives/edgar/data/1897428/000189742822000001/primary_doc.xml
blee,form_d,2020-11-10,130500,[],sec_edgar,https://www.sec.gov/Archives/edgar/data/1814569/000181456920000002/primary_doc.xml
blee,form_d,2020-06-11,225000,[],sec_edgar,https://www.sec.gov/Archives/edgar/data/1814569/000181456920000001/primary_doc.xml
bluebook,form_d,2021-07-21,0,[],sec_edgar,https://www.sec.gov/Archives/edgar/data/1874151/000187415121000002/primary_doc.xml
bluejay,form_d,2022-02-15,7541752,[],sec_edgar,https://www.sec.gov/Archives/edgar/data/1774154/000177415422000002/primary_doc.xml
bluejay,form_d,2020-10-02,1475000,[],sec_edgar,https://www.sec.gov/Archives/edgar/data/1774154/000177415420000001/primary_doc.xml
boostly,form_d,2025-02-11,10000000,[],sec_edgar,https://www.sec.gov/Archives/edgar/data/1966127/000196612725000004/primary_doc.xml
breadcrumbs-io,form_d,2021-07-19,5417476,[],sec_edgar,https://www.sec.gov/Archives/edgar/data/1861592/000186159221000001/primary_doc.xml
brite,form_d,2022-10-28,220000,[],sec_edgar,https://www.sec.gov/Archives/edgar/data/1947147/000194714722000001/primary_doc.xml
caire-health,form_d,2023-02-10,6659854,[],sec_edgar,https://www.sec.gov/Archives/edgar/data/1964926/000196492623000001/primary_doc.xml
callback,form_d,2025-01-27,545000,[],sec_edgar,https://www.sec.gov/Archives/edgar/data/2034760/000203476025000001/primary_doc.xml
callback,form_d,2024-08-22,1961500,[],sec_edgar,https://www.sec.gov/Archives/edgar/data/2034760/000203476024000001/primary_doc.xml
campfire-2,form_d,2021-08-31,2500000,[],sec_edgar,https://www.sec.gov/Archives/edgar/data/1867513/000186751321000002/primary_doc.xml
campfire-2,form_d,2021-06-14,1334998,[],sec_edgar,https://www.sec.gov/Archives/edgar/data/1867513/000186751321000001/primary_doc.xml
capi-money,form_d,2023-06-16,1522499,[],sec_edgar,https://www.sec.gov/Archives/edgar/data/1980907/000198090723000005/primary_doc.xml
careerist,form_d,2021-08-25,1390000,[],sec_edgar,https://www.sec.gov/Archives/edgar/data/1814514/000181451421000002/primary_doc.xml
careforce,form_d,2025-11-07,2676790,[],sec_edgar,https://www.sec.gov/Archives/edgar/data/2095881/000209588125000001/primary_doc.xml
carrot-labs,form_d,2024-07-03,600000,[],sec_edgar,https://www.sec.gov/Archives/edgar/data/2029275/000202927524000001/primary_doc.xml
carrot-labs,form_d,2025-05-16,600000,[],sec_edgar,https://www.sec.gov/Archives/edgar/data/2029275/000202927525000003/primary_doc.xml
cash-flow-portal,form_d,2023-05-15,1475000,[],sec_edgar,https://www.sec.gov/Archives/edgar/data/1895817/000193036223000002/primary_doc.xml
cash-flow-portal,form_d,2021-11-29,3765000,[],sec_edgar,https://www.sec.gov/Archives/edgar/data/1895817/000189581721000001/primary_doc.xml
cash-flow-portal,form_d,2025-03-24,4658000,[],sec_edgar,https://www.sec.gov/Archives/edgar/data/1895817/000189581725000001/primary_doc.xml
char,form_d,2024-10-18,675000,[],sec_edgar,https://www.sec.gov/Archives/edgar/data/2041771/000204177124000002/primary_doc.xml
charge-robotics,form_d,2024-08-02,16999997,[],sec_edgar,https://www.sec.gov/Archives/edgar/data/2032579/000203257924000001/primary_doc.xml
chrt,form_d,2026-01-29,1453000,[],sec_edgar,https://www.sec.gov/Archives/edgar/data/2107747/000210774726000001/primary_doc.xml
cinder-2,form_d,2022-12-05,12755318,[],sec_edgar,https://www.sec.gov/Archives/edgar/data/1955803/000195580322000001/primary_doc.xml
circular,form_d,2021-12-10,1421289,[],sec_edgar,https://www.sec.gov/Archives/edgar/data/1897223/000189722321000001/primary_doc.xml
clay,form_d,2025-09-10,99999487,[],sec_edgar,https://www.sec.gov/Archives/edgar/data/2053989/000205398925000003/primary_doc.xml
clay,form_d,2025-01-30,39999919,[],sec_edgar,https://www.sec.gov/Archives/edgar/data/2053989/000205398925000001/primary_doc.xml
clay,form_d,2025-06-13,348540,[],sec_edgar,https://www.sec.gov/Archives/edgar/data/2053989/000205398925000002/primary_doc.xml
clear,form_d,2021-05-28,59999933,[],sec_edgar,https://www.sec.gov/Archives/edgar/data/1595806/000159580621000002/primary_doc.xml
clear,form_d,2020-05-19,39538382,[],sec_edgar,https://www.sec.gov/Archives/edgar/data/1595806/000159580620000002/primary_doc.xml
codingal,form_d,2021-04-15,22355,[],sec_edgar,https://www.sec.gov/Archives/edgar/data/1856920/000185692021000001/primary_doc.xml
cofactr,form_d,2024-10-15,17208303,[],sec_edgar,https://www.sec.gov/Archives/edgar/data/1879883/000187988324000001/primary_doc.xml
cofactr,form_d,2023-10-06,9091669,[],sec_edgar,https://www.sec.gov/Archives/edgar/data/1879883/000187988323000002/primary_doc.xml
cofactr,form_d,2021-08-24,112500,[],sec_edgar,https://www.sec.gov/Archives/edgar/data/1879883/000187988321000002/primary_doc.xml
complete,form_d,2020-03-06,100000,[],sec_edgar,https://www.sec.gov/Archives/edgar/data/1710931/000171093120000003/primary_doc.xml
confido,form_d,2025-12-10,4460000,[],sec_edgar,https://www.sec.gov/Archives/edgar/data/2029111/000202911125000002/primary_doc.xml
confido,form_d,2024-07-10,1524998,[],sec_edgar,https://www.sec.gov/Archives/edgar/data/2029111/000202911124000001/primary_doc.xml
copycat,form_d,2024-01-19,80000,[],sec_edgar,https://www.sec.gov/Archives/edgar/data/1918648/000191864824000001/primary_doc.xml
corgea,form_d,2023-06-14,175000,[],sec_edgar,https://www.sec.gov/Archives/edgar/data/1981261/000198126123000001/primary_doc.xml
coverage-cat,form_d,2023-03-07,4000000,[],sec_edgar,https://www.sec.gov/Archives/edgar/data/1947379/000194737923000001/primary_doc.xml
coverage-cat,form_d,2022-09-22,1640000,[],sec_edgar,https://www.sec.gov/Archives/edgar/data/1947379/000194737922000001/primary_doc.xml
craze,form_d,2022-08-31,500000,[],sec_edgar,https://www.sec.gov/Archives/edgar/data/1944794/000110465922096188/primary_doc.xml
craze,form_d,2022-11-22,2219970,[],sec_edgar,https://www.sec.gov/Archives/edgar/data/1944794/000110465922121254/primary_doc.xml
cyble,form_d,2023-08-08,21489912,[],sec_edgar,https://www.sec.gov/Archives/edgar/data/1922682/000192268223000001/primary_doc.xml
devyce,form_d,2023-03-29,2609929,[],sec_edgar,https://www.sec.gov/Archives/edgar/data/1967123/000196712323000001/primary_doc.xml
dialect-2,form_d,2022-04-14,4959739,[],sec_edgar,https://www.sec.gov/Archives/edgar/data/1921628/000192162822000002/primary_doc.xml
diligencesquared-inc,form_d,2025-12-16,5405000,[],sec_edgar,https://www.sec.gov/Archives/edgar/data/2100275/000210027525000001/primary_doc.xml
dioptra,form_d,2022-08-05,460000,[],sec_edgar,https://www.sec.gov/Archives/edgar/data/1936498/000193649822000001/primary_doc.xml
disclo,form_d,2022-12-01,6750000,[],sec_edgar,https://www.sec.gov/Archives/edgar/data/1951823/000110465922123600/primary_doc.xml
diversion,form_d,2022-06-02,7425000,[],sec_edgar,https://www.sec.gov/Archives/edgar/data/1931650/000193165022000001/primary_doc.xml
djamo,form_d,2022-12-05,13436987,[],sec_edgar,https://www.sec.gov/Archives/edgar/data/1952394/000195239422000002/primary_doc.xml
djamo,form_d,2024-11-19,13010402,[],sec_edgar,https://www.sec.gov/Archives/edgar/data/1952394/000195239424000003/primary_doc.xml
djamo,form_d,2023-11-27,2050000,[],sec_edgar,https://www.sec.gov/Archives/edgar/data/1952394/000195239423000002/primary_doc.xml
djamo,form_d,2024-03-07,3162000,[],sec_edgar,https://www.sec.gov/Archives/edgar/data/1952394/000195239424000001/primary_doc.xml
docket,form_d,2023-10-03,5349992,[],sec_edgar,https://www.sec.gov/Archives/edgar/data/1994773/000199477323000001/primary_doc.xml
dyte,form_d,2021-06-30,3720826,[],sec_edgar,https://www.sec.gov/Archives/edgar/data/1869201/000186920121000001/primary_doc.xml
ellipsis,form_d,2021-07-30,0,[],sec_edgar,https://www.sec.gov/Archives/edgar/data/1572980/000157298021000001/primary_doc.xml
ember,form_d,2023-11-17,19611889,[],sec_edgar,https://www.sec.gov/Archives/edgar/data/1636781/000163678123000001/primary_doc.xml
emergent,form_d,2026-02-26,7999997,[],sec_edgar,https://www.sec.gov/Archives/edgar/data/2113336/000211333626000001/primary_doc.xml
epsilon,form_d,2021-12-30,11492770,[],sec_edgar,https://www.sec.gov/Archives/edgar/data/1899946/000189994621000001/primary_doc.xml
epsilon3-inc,form_d,2022-07-12,15000000,[],sec_edgar,https://www.sec.gov/Archives/edgar/data/1936216/000193621622000001/primary_doc.xml
estoca,form_d,2022-12-23,2619996,[],sec_edgar,https://www.sec.gov/Archives/edgar/data/1959664/000195966422000002/primary_doc.xml
evidence,form_d,2021-09-30,75000,[],sec_edgar,https://www.sec.gov/Archives/edgar/data/1884594/000188459421000001/primary_doc.xml
evidently-ai,form_d,2021-09-16,1024575,[],sec_edgar,https://www.sec.gov/Archives/edgar/data/1881982/000188198221000001/primary_doc.xml
examedi,form_d,2022-07-08,22499000,[],sec_edgar,https://www.sec.gov/Archives/edgar/data/1937324/000193732422000001/primary_doc.xml
exin-therapeutics,form_d,2026-02-10,2162300,[],sec_edgar,https://www.sec.gov/Archives/edgar/data/2109179/000210917926000001/primary_doc.xml
extend,form_d,2021-10-13,17341359,[],sec_edgar,https://www.sec.gov/Archives/edgar/data/1769582/000176958221000004/primary_doc.xml
extend,form_d,2021-10-13,389517,[],sec_edgar,https://www.sec.gov/Archives/edgar/data/1769582/000176958221000005/primary_doc.xml
extend,form_d,2021-06-29,49999975,[],sec_edgar,https://www.sec.gov/Archives/edgar/data/1769582/000176958221000002/primary_doc.xml
extend,form_d,2022-02-08,20405184,[],sec_edgar,https://www.sec.gov/Archives/edgar/data/1769582/000176958222000001/primary_doc.xml
extend,form_d,2021-05-20,144639960,[],sec_edgar,https://www.sec.gov/Archives/edgar/data/1769582/000176958221000001/primary_doc.xml
extend,form_d,2020-09-11,40024983,[],sec_edgar,https://www.sec.gov/Archives/edgar/data/1769582/000176958220000003/primary_doc.xml
extend,form_d,2021-08-23,16304664,[],sec_edgar,https://www.sec.gov/Archives/edgar/data/1769582/000176958221000003/primary_doc.xml
fable,form_d,2021-12-21,14999989,[],sec_edgar,https://www.sec.gov/Archives/edgar/data/1900427/000156761921022358/primary_doc.xml
faction,form_d,2020-07-07,5015808,[],sec_edgar,https://www.sec.gov/Archives/edgar/data/1575761/000157576120000002/primary_doc.xml
fathom,form_d,2023-01-18,46296079,[],sec_edgar,https://www.sec.gov/Archives/edgar/data/1781048/000178104823000002/primary_doc.xml
fathom,form_d,2023-01-18,46296079,[],sec_edgar,https://www.sec.gov/Archives/edgar/data/1781048/000178104823000003/primary_doc.xml
fathom,form_d,2021-05-27,92000,[],sec_edgar,https://www.sec.gov/Archives/edgar/data/1864274/000186427421000002/primary_doc.xml
fathom,form_d,2023-01-18,46296079,[],sec_edgar,https://www.sec.gov/Archives/edgar/data/1781048/000178104823000001/primary_doc.xml
fathom,form_d,2022-03-09,403000,[],sec_edgar,https://www.sec.gov/Archives/edgar/data/1864274/000186427422000001/primary_doc.xml
female-invest,form_d,2024-07-26,15751088,[],sec_edgar,https://www.sec.gov/Archives/edgar/data/2031731/000203173124000001/primary_doc.xml
fetii,form_d,2024-04-04,4499999,[],sec_edgar,https://www.sec.gov/Archives/edgar/data/1916974/000191697424000004/primary_doc.xml
fieldproxy,form_d,2022-09-12,1453,[],sec_edgar,https://www.sec.gov/Archives/edgar/data/1931839/000193183922000001/primary_doc.xml
fifthtry,form_d,2021-07-29,1166665,[],sec_edgar,https://www.sec.gov/Archives/edgar/data/1873857/000187385721000001/primary_doc.xml
finary,form_d,2021-05-24,3167491,[],sec_edgar,https://www.sec.gov/Archives/edgar/data/1863777/000186377721000001/primary_doc.xml
finley,form_d,2023-02-01,21980999,[],sec_edgar,https://www.sec.gov/Archives/edgar/data/1964117/000196411723000001/primary_doc.xml
fleetzero,form_d,2022-06-17,16463983,[],sec_edgar,https://www.sec.gov/Archives/edgar/data/1883830/000188383022000002/primary_doc.xml
fleetzero,form_d,2021-09-21,225000,[],sec_edgar,https://www.sec.gov/Archives/edgar/data/1883830/000188383021000001/primary_doc.xml
fleetzero,form_d,2022-06-17,225000,[],sec_edgar,https://www.sec.gov/Archives/edgar/data/1883830/000188383022000003/primary_doc.xml
flick,form_d,2020-09-17,4688112,[],sec_edgar,https://www.sec.gov/Archives/edgar/data/1740025/000174002520000001/primary_doc.xml
flint-2,form_d,2022-02-14,212765,[],sec_edgar,https://www.sec.gov/Archives/edgar/data/1910676/000191067622000002/primary_doc.xml
float,form_d,2024-09-26,765000,[],sec_edgar,https://www.sec.gov/Archives/edgar/data/2037451/000203745124000001/primary_doc.xml
float-health,form_d,2023-08-01,9990994,[],sec_edgar,https://www.sec.gov/Archives/edgar/data/1987169/000198716923000001/primary_doc.xml
focal,form_d,2024-08-20,250000,[],sec_edgar,https://www.sec.gov/Archives/edgar/data/1544988/000154498824000001/primary_doc.xml
focal,form_d,2023-08-11,50000,[],sec_edgar,https://www.sec.gov/Archives/edgar/data/1544988/000143774923023347/primary_doc.xml
focal,form_d,2020-12-04,1847150,[],sec_edgar,https://www.sec.gov/Archives/edgar/data/1544988/000154498820000005/primary_doc.xml
focal,form_d,2020-12-04,1350256,[],sec_edgar,https://www.sec.gov/Archives/edgar/data/1544988/000154498820000004/primary_doc.xml
foreman,form_d,2022-11-23,4750000,[],sec_edgar,https://www.sec.gov/Archives/edgar/data/1955753/000195575322000001/primary_doc.xml
forge-automation,form_d,2024-04-05,135000,[],sec_edgar,https://www.sec.gov/Archives/edgar/data/2017605/000172768924000038/primary_doc.xml
formance,form_d,2024-12-23,18549999,[],sec_edgar,https://www.sec.gov/Archives/edgar/data/2006159/000200615924000001/primary_doc.xml
formance,form_d,2023-12-27,6577893,[],sec_edgar,https://www.sec.gov/Archives/edgar/data/2006159/000200615923000001/primary_doc.xml
fortuna-health,form_d,2025-08-28,18275489,[],sec_edgar,https://www.sec.gov/Archives/edgar/data/2080965/000208096525000002/primary_doc.xml
fragment,form_d,2023-09-08,0,[],sec_edgar,https://www.sec.gov/Archives/edgar/data/1992838/000199283823000001/primary_doc.xml
gander,form_d,2022-03-31,245000,[],sec_edgar,https://www.sec.gov/Archives/edgar/data/1840345/000157570522000244/primary_doc.xml
gander,form_d,2023-09-18,300000,[],sec_edgar,https://www.sec.gov/Archives/edgar/data/1840345/000190359623000734/primary_doc.xml
gander,form_d,2023-01-23,5000,[],sec_edgar,https://www.sec.gov/Archives/edgar/data/1840345/000190359623000057/primary_doc.xml
gander,form_d,2021-08-02,196250,[],sec_edgar,https://www.sec.gov/Archives/edgar/data/1840345/000157570521000488/primary_doc.xml
garage-2,form_d,2026-03-12,17840972,[],sec_edgar,https://www.sec.gov/Archives/edgar/data/2082029/000208202926000002/primary_doc.xml
gigs,form_d,2024-12-26,69879157,[],sec_edgar,https://www.sec.gov/Archives/edgar/data/2049678/000204967824000001/primary_doc.xml
glide-2,form_d,2020-10-30,6000050,[],sec_edgar,https://www.sec.gov/Archives/edgar/data/1830524/000183052420000001/primary_doc.xml
govly,form_d,2023-11-07,13134527,[],sec_edgar,https://www.sec.gov/Archives/edgar/data/1996039/000199603923000001/primary_doc.xml
gromo,form_d,2022-09-29,10991043,[],sec_edgar,https://www.sec.gov/Archives/edgar/data/1859612/000185961222000001/primary_doc.xml
gromo,form_d,2021-05-03,9934,[],sec_edgar,https://www.sec.gov/Archives/edgar/data/1859612/000185961221000001/primary_doc.xml
gromo,form_d,2021-10-12,19738,[],sec_edgar,https://www.sec.gov/Archives/edgar/data/1859612/000185961221000003/primary_doc.xml
growthbook,form_d,2025-07-02,22621791,[],sec_edgar,https://www.sec.gov/Archives/edgar/data/2075367/000207536725000001/primary_doc.xml
guide-labs,form_d,2024-06-21,9315640,[],sec_edgar,https://www.sec.gov/Archives/edgar/data/2026937/000202693724000001/primary_doc.xml
h3x-technologies,form_d,2022-06-29,4294220,[],sec_edgar,https://www.sec.gov/Archives/edgar/data/1935652/000193565222000001/primary_doc.xml
h3x-technologies,form_d,2022-06-30,1750000,[],sec_edgar,https://www.sec.gov/Archives/edgar/data/1935652/000193565222000002/primary_doc.xml
h3x-technologies,form_d,2023-03-01,3000000,[],sec_edgar,https://www.sec.gov/Archives/edgar/data/1935652/000193565223000002/primary_doc.xml
h3x-technologies,form_d,2024-08-06,20334312,[],sec_edgar,https://www.sec.gov/Archives/edgar/data/1935652/000193565224000001/primary_doc.xml
handled,form_d,2024-10-22,3110762,[],sec_edgar,https://www.sec.gov/Archives/edgar/data/2040141/000204014124000001/primary_doc.xml
haplotype-labs,form_d,2024-04-16,1100000,[],sec_edgar,https://www.sec.gov/Archives/edgar/data/2017857/000201785724000001/primary_doc.xml
hazel-2,form_d,2021-04-16,67924734,[],sec_edgar,https://www.sec.gov/Archives/edgar/data/1700144/000170014421000001/primary_doc.xml
hazel-2,form_d,2023-12-01,11499983,[],sec_edgar,https://www.sec.gov/Archives/edgar/data/1700144/000170014423000006/primary_doc.xml
hazel-2,form_d,2024-11-12,8157085,[],sec_edgar,https://www.sec.gov/Archives/edgar/data/1700144/000170014424000001/primary_doc.xml
healia,form_d,2024-03-25,3545000,[],sec_edgar,https://www.sec.gov/Archives/edgar/data/2016717/000201671724000001/primary_doc.xml
heimdal,form_d,2021-12-07,10802007,[],sec_edgar,https://www.sec.gov/Archives/edgar/data/1896741/000189674121000001/primary_doc.xml
hiro,form_d,2020-04-23,525000,[],sec_edgar,https://www.sec.gov/Archives/edgar/data/1787794/000178779420000001/primary_doc.xml
hiro,form_d,2021-06-10,450000,[],sec_edgar,https://www.sec.gov/Archives/edgar/data/1866211/000186621121000001/primary_doc.xml
hive-health,form_d,2026-05-12,3475000,[],sec_edgar,https://www.sec.gov/Archives/edgar/data/2133179/000213317926000001/primary_doc.xml
homeroom,form_d,2021-07-28,275000,[],sec_edgar,https://www.sec.gov/Archives/edgar/data/1875192/000187519221000002/primary_doc.xml
howdy-com,form_d,2023-01-10,4999995,[],sec_edgar,https://www.sec.gov/Archives/edgar/data/1862117/000186211723000001/primary_doc.xml
hubuc,form_d,2022-01-18,9871496,[],sec_edgar,https://www.sec.gov/Archives/edgar/data/1904908/000190490822000001/primary_doc.xml
hudu,form_d,2023-05-03,5000000,[],sec_edgar,https://www.sec.gov/Archives/edgar/data/1975845/000197584523000001/primary_doc.xml
humand,form_d,2026-03-20,77490412,[],sec_edgar,https://www.sec.gov/Archives/edgar/data/2097425/000209742526000001/primary_doc.xml
icarus,form_d,2024-01-25,10000000,[],sec_edgar,https://www.sec.gov/Archives/edgar/data/2009168/000200916824000003/primary_doc.xml
inbalance,form_d,2021-04-08,665000,[],sec_edgar,https://www.sec.gov/Archives/edgar/data/1855525/000185552521000001/primary_doc.xml
inflow,form_d,2023-01-24,13571773,[],sec_edgar,https://www.sec.gov/Archives/edgar/data/1953738/000195373823000001/primary_doc.xml
infracost,form_d,2025-12-15,18849980,[],sec_edgar,https://www.sec.gov/Archives/edgar/data/2099473/000209947325000001/primary_doc.xml
invert,form_d,2024-07-11,20149993,[],sec_edgar,https://www.sec.gov/Archives/edgar/data/2029949/000202994924000001/primary_doc.xml
juicebox,form_d,2025-03-07,20000,[],sec_edgar,https://www.sec.gov/Archives/edgar/data/2059403/000205940325000001/primary_doc.xml
june,form_d,2026-03-12,0,[],sec_edgar,https://www.sec.gov/Archives/edgar/data/2119405/000211940526000001/primary_doc.xml
june,form_d,2021-08-17,2360081,[],sec_edgar,https://www.sec.gov/Archives/edgar/data/1874435/000187443521000001/primary_doc.xml
juno-chat,form_d,2024-09-16,377850,[],sec_edgar,https://www.sec.gov/Archives/edgar/data/2035583/000106299324016649/primary_doc.xml
juno-chat,form_d,2024-09-16,377250,[],sec_edgar,https://www.sec.gov/Archives/edgar/data/2035583/000106299324016652/primary_doc.xml
juno-chat,form_d,2024-09-16,760459,[],sec_edgar,https://www.sec.gov/Archives/edgar/data/2035583/000106299324016654/primary_doc.xml
juno-chat,form_d,2024-09-16,3105200,[],sec_edgar,https://www.sec.gov/Archives/edgar/data/2035583/000106299324016651/primary_doc.xml
juno-chat,form_d,2024-09-16,5501250,[],sec_edgar,https://www.sec.gov/Archives/edgar/data/2035583/000106299324016650/primary_doc.xml
juno-chat,form_d,2024-09-16,1821750,[],sec_edgar,https://www.sec.gov/Archives/edgar/data/2035583/000106299324016653/primary_doc.xml
juno-chat,form_d,2024-09-16,444480,[],sec_edgar,https://www.sec.gov/Archives/edgar/data/2035583/000106299324016648/primary_doc.xml
juno-chat,form_d,2024-09-16,601040,[],sec_edgar,https://www.sec.gov/Archives/edgar/data/2035583/000106299324016647/primary_doc.xml
juno-chat,form_d,2024-10-18,1813000,[],sec_edgar,https://www.sec.gov/Archives/edgar/data/2035583/000106299324017784/primary_doc.xml
kable,form_d,2025-05-22,5080000,[],sec_edgar,https://www.sec.gov/Archives/edgar/data/2067074/000206707425000002/primary_doc.xml
kalinda,form_d,2026-04-09,692000,[],sec_edgar,https://www.sec.gov/Archives/edgar/data/2088907/000208890726000001/primary_doc.xml
keep,form_d,2023-06-30,10675474,[],sec_edgar,https://www.sec.gov/Archives/edgar/data/1983276/000198327623000001/primary_doc.xml
kodex,form_d,2021-06-01,300000,[],sec_edgar,https://www.sec.gov/Archives/edgar/data/1865069/000186506921000001/primary_doc.xml
kodex,form_d,2022-10-28,10000000,[],sec_edgar,https://www.sec.gov/Archives/edgar/data/1865069/000186506922000001/primary_doc.xml
kodex,form_d,2025-09-17,21199989,[],sec_edgar,https://www.sec.gov/Archives/edgar/data/1865069/000186506925000002/primary_doc.xml
lantern-2,form_d,2026-03-16,1100000,[],sec_edgar,https://www.sec.gov/Archives/edgar/data/2119000/000211900026000001/primary_doc.xml
lantern-2,form_d,2020-12-07,2295003,[],sec_edgar,https://www.sec.gov/Archives/edgar/data/1781110/000178111020000002/primary_doc.xml
lantern-2,form_d,2022-04-11,455000,[],sec_edgar,https://www.sec.gov/Archives/edgar/data/1781110/000178111022000003/primary_doc.xml
lark,form_d,2020-05-18,16997951,[],sec_edgar,https://www.sec.gov/Archives/edgar/data/1579188/000157918820000002/primary_doc.xml
lark,form_d,2020-10-13,44330291,[],sec_edgar,https://www.sec.gov/Archives/edgar/data/1579188/000157918820000004/primary_doc.xml
lark,form_d,2020-09-22,39330326,[],sec_edgar,https://www.sec.gov/Archives/edgar/data/1579188/000157918820000003/primary_doc.xml
lark,form_d,2021-09-07,94749964,[],sec_edgar,https://www.sec.gov/Archives/edgar/data/1579188/000157918821000001/primary_doc.xml
latent,form_d,2025-01-02,39874911,[],sec_edgar,https://www.sec.gov/Archives/edgar/data/1989109/000198910925000001/primary_doc.xml
latent,form_d,2023-08-17,9114910,[],sec_edgar,https://www.sec.gov/Archives/edgar/data/1989109/000123191923000049/primary_doc.xml
laudable,form_d,2021-10-04,2900000,[],sec_edgar,https://www.sec.gov/Archives/edgar/data/1778961/000177896121000003/primary_doc.xml
laudable,form_d,2021-06-08,100000,[],sec_edgar,https://www.sec.gov/Archives/edgar/data/1778961/000177896121000002/primary_doc.xml
legion-health,form_d,2026-07-01,16015934,[],sec_edgar,https://www.sec.gov/Archives/edgar/data/1916502/000191650226000002/primary_doc.xml
legion-health,form_d,2022-03-17,2000000,[],sec_edgar,https://www.sec.gov/Archives/edgar/data/1916502/000191650222000001/primary_doc.xml
legion-health,form_d,2022-11-09,3465500,[],sec_edgar,https://www.sec.gov/Archives/edgar/data/1916502/000191650222000002/primary_doc.xml
legion-health,form_d,2022-12-12,3665500,[],sec_edgar,https://www.sec.gov/Archives/edgar/data/1916502/000191650222000003/primary_doc.xml
legion-health,form_d,2024-09-25,2030000,[],sec_edgar,https://www.sec.gov/Archives/edgar/data/1916502/000191650224000001/primary_doc.xml
legion-health,form_d,2025-11-25,410000,[],sec_edgar,https://www.sec.gov/Archives/edgar/data/1916502/000191650225000002/primary_doc.xml
legora,form_d,2025-11-13,150352281,[],sec_edgar,https://www.sec.gov/Archives/edgar/data/2071663/000207166325000002/primary_doc.xml
legora,form_d,2025-07-01,79849626,[],sec_edgar,https://www.sec.gov/Archives/edgar/data/2071663/000207166325000001/primary_doc.xml
legora,form_d,2026-03-24,441525860,[],sec_edgar,https://www.sec.gov/Archives/edgar/data/2071663/000207166326000001/primary_doc.xml
lendflow,form_d,2020-12-09,750000,[],sec_edgar,https://www.sec.gov/Archives/edgar/data/1835592/000183559220000001/primary_doc.xml
lobby,form_d,2022-03-03,1130587,[],sec_edgar,https://www.sec.gov/Archives/edgar/data/1903348/000190334822000001/primary_doc.xml
lobby,form_d,2022-10-31,2500000,[],sec_edgar,https://www.sec.gov/Archives/edgar/data/1903348/000190334822000002/primary_doc.xml
lobby,form_d,2021-04-27,2557994,[],sec_edgar,https://www.sec.gov/Archives/edgar/data/1778305/000177830521000001/primary_doc.xml
mach9,form_d,2020-12-04,4510000,[],sec_edgar,https://www.sec.gov/Archives/edgar/data/1834777/000183477720000004/primary_doc.xml
malama-health,form_d,2026-02-26,5315000,[],sec_edgar,https://www.sec.gov/Archives/edgar/data/2113045/000211304526000001/primary_doc.xml
malibou,form_d,2024-12-20,5399995,[],sec_edgar,https://www.sec.gov/Archives/edgar/data/2005726/000200572624000004/primary_doc.xml
malibou,form_d,2024-01-08,1590000,[],sec_edgar,https://www.sec.gov/Archives/edgar/data/2005726/000200572624000002/primary_doc.xml
malibou,form_d,2024-04-23,1125000,[],sec_edgar,https://www.sec.gov/Archives/edgar/data/2005726/000200572624000003/primary_doc.xml
manatee,form_d,2023-04-13,4951659,[],sec_edgar,https://www.sec.gov/Archives/edgar/data/1817367/000181736723000001/primary_doc.xml
manatee,form_d,2024-06-05,5001659,[],sec_edgar,https://www.sec.gov/Archives/edgar/data/1817367/000181736724000002/primary_doc.xml
manatee,form_d,2020-07-09,1737187,[],sec_edgar,https://www.sec.gov/Archives/edgar/data/1817367/000181736720000001/primary_doc.xml
manatee,form_d,2024-06-05,2379292,[],sec_edgar,https://www.sec.gov/Archives/edgar/data/1817367/000181736724000001/primary_doc.xml
mentorcam,form_d,2020-05-06,40000,[],sec_edgar,https://www.sec.gov/Archives/edgar/data/1811457/000144586620000552/primary_doc.xml
mesh-2,form_d,2023-11-21,3120000,[],sec_edgar,https://www.sec.gov/Archives/edgar/data/2000197/000200019723000002/primary_doc.xml
mindee,form_d,2021-07-30,11000000,[],sec_edgar,https://www.sec.gov/Archives/edgar/data/1868190/000186819021000002/primary_doc.xml
mindee,form_d,2023-03-15,7000000,[],sec_edgar,https://www.sec.gov/Archives/edgar/data/1868190/000186819023000003/primary_doc.xml
mindee,form_d,2023-03-16,7000000,[],sec_edgar,https://www.sec.gov/Archives/edgar/data/1868190/000186819023000004/primary_doc.xml
mindstate-design-labs,form_d,2024-11-26,12698587,[],sec_edgar,https://www.sec.gov/Archives/edgar/data/2046478/000204647824000001/primary_doc.xml
mocha,form_d,2022-01-24,13399972,[],sec_edgar,https://www.sec.gov/Archives/edgar/data/1900549/000190054922000001/primary_doc.xml
modelence,form_d,2025-06-06,550000,[],sec_edgar,https://www.sec.gov/Archives/edgar/data/2071552/000207155225000001/primary_doc.xml
modelence,form_d,2025-09-26,3850000,[],sec_edgar,https://www.sec.gov/Archives/edgar/data/2071552/000207155225000004/primary_doc.xml
modelence,form_d,2025-09-26,3850000,[],sec_edgar,https://www.sec.gov/Archives/edgar/data/2071552/000207155225000005/primary_doc.xml
moichor,form_d,2021-05-04,5044998,[],sec_edgar,https://www.sec.gov/Archives/edgar/data/1859727/000185972721000001/primary_doc.xml
moichor,form_d,2023-02-14,6223088,[],sec_edgar,https://www.sec.gov/Archives/edgar/data/1859727/000185972723000001/primary_doc.xml
momentic,form_d,2026-01-27,18609221,[],sec_edgar,https://www.sec.gov/Archives/edgar/data/2104831/000210483126000001/primary_doc.xml
monet,form_d,2024-03-22,1211066,[],sec_edgar,https://www.sec.gov/Archives/edgar/data/2016583/000201658324000001/primary_doc.xml
monet,form_d,2024-03-25,125000,[],sec_edgar,https://www.sec.gov/Archives/edgar/data/2016583/000201658324000002/primary_doc.xml
monet,form_d,2024-03-25,373930,[],sec_edgar,https://www.sec.gov/Archives/edgar/data/2016583/000201658324000003/primary_doc.xml
monet,form_d,2024-03-25,810500,[],sec_edgar,https://www.sec.gov/Archives/edgar/data/2016583/000201658324000004/primary_doc.xml
moxion-power-co,form_d,2021-05-24,11989999,[],sec_edgar,https://www.sec.gov/Archives/edgar/data/1863715/000186371521000001/primary_doc.xml
moxion-power-co,form_d,2023-06-30,10999982,[],sec_edgar,https://www.sec.gov/Archives/edgar/data/1863715/000186371523000001/primary_doc.xml
moxion-power-co,form_d,2022-10-17,89765393,[],sec_edgar,https://www.sec.gov/Archives/edgar/data/1863715/000186371522000001/primary_doc.xml
noble,form_d,2021-05-20,0,[],sec_edgar,https://www.sec.gov/Archives/edgar/data/1458891/000120919121034355/primary_doc.xml
noloco,form_d,2024-08-29,3970001,[],sec_edgar,https://www.sec.gov/Archives/edgar/data/2035643/000089271224000109/primary_doc.xml
nowadays,form_d,2022-03-03,1500000,[],sec_edgar,https://www.sec.gov/Archives/edgar/data/1912614/000106299322006588/primary_doc.xml
noya,form_d,2023-04-12,16832502,[],sec_edgar,https://www.sec.gov/Archives/edgar/data/1969595/000196959523000001/primary_doc.xml
noya,form_d,2024-06-20,21988934,[],sec_edgar,https://www.sec.gov/Archives/edgar/data/1969595/000196959524000001/primary_doc.xml
numeral,form_d,2023-06-07,3575000,[],sec_edgar,https://www.sec.gov/Archives/edgar/data/1980525/000198052523000001/primary_doc.xml
onebrief,form_d,2024-04-23,16000509,[],sec_edgar,https://www.sec.gov/Archives/edgar/data/1888809/000188880924000001/primary_doc.xml
onebrief,form_d,2023-10-19,12500000,[],sec_edgar,https://www.sec.gov/Archives/edgar/data/1888809/000188880923000002/primary_doc.xml
onebrief,form_d,2022-10-12,6128321,[],sec_edgar,https://www.sec.gov/Archives/edgar/data/1888809/000188880922000002/primary_doc.xml
onebrief,form_d,2022-10-12,14824985,[],sec_edgar,https://www.sec.gov/Archives/edgar/data/1888809/000188880922000001/primary_doc.xml
onebrief,form_d,2025-06-17,23581422,[],sec_edgar,https://www.sec.gov/Archives/edgar/data/1888809/000188880925000003/primary_doc.xml
onebrief,form_d,2025-01-28,58748142,[],sec_edgar,https://www.sec.gov/Archives/edgar/data/1888809/000188880925000001/primary_doc.xml
onebrief,form_d,2026-01-15,359281625,[],sec_edgar,https://www.sec.gov/Archives/edgar/data/1888809/000188880926000001/primary_doc.xml
orbital-operations,form_d,2025-02-03,519500,[],sec_edgar,https://www.sec.gov/Archives/edgar/data/2054774/000205477425000001/primary_doc.xml
origami-2,form_d,2022-09-13,6211496,[],sec_edgar,https://www.sec.gov/Archives/edgar/data/1945721/000194572122000002/primary_doc.xml
orthogonal,form_d,2020-03-03,999998,[],sec_edgar,https://www.sec.gov/Archives/edgar/data/1759137/000175913720000001/primary_doc.xml
overlord,form_d,2026-07-08,4033993,[],sec_edgar,https://www.sec.gov/Archives/edgar/data/2143465/000214346526000001/primary_doc.xml
pangea-app,form_d,2021-07-08,1998480,[],sec_edgar,https://www.sec.gov/Archives/edgar/data/1727419/000172741921000002/primary_doc.xml
pangea-app,form_d,2021-04-13,220000,[],sec_edgar,https://www.sec.gov/Archives/edgar/data/1727419/000172741921000001/primary_doc.xml
pangea-app,form_d,2020-12-16,352500,[],sec_edgar,https://www.sec.gov/Archives/edgar/data/1727419/000172741920000002/primary_doc.xml
pangea-app,form_d,2020-04-15,400000,[],sec_edgar,https://www.sec.gov/Archives/edgar/data/1727419/000172741920000001/primary_doc.xml
payhippo,form_d,2021-09-02,1205500,[],sec_edgar,https://www.sec.gov/Archives/edgar/data/1833451/000183345121000002/primary_doc.xml
payhippo,form_d,2021-04-16,24000,[],sec_edgar,https://www.sec.gov/Archives/edgar/data/1833451/000183345121000001/primary_doc.xml
payhippo,form_d,2020-12-17,27133,[],sec_edgar,https://www.sec.gov/Archives/edgar/data/1833451/000181724620000002/primary_doc.xml
payload,form_d,2026-07-08,9075001,[],sec_edgar,https://www.sec.gov/Archives/edgar/data/1921687/000192168726000005/primary_doc.xml
payload,form_d,2022-04-06,1500000,[],sec_edgar,https://www.sec.gov/Archives/edgar/data/1921687/000192168722000001/primary_doc.xml
phonely,form_d,2026-03-30,18349493,[],sec_edgar,https://www.sec.gov/Archives/edgar/data/2106702/000210670226000001/primary_doc.xml
pirouette-pharma,form_d,2025-04-01,2350000,[],sec_edgar,https://www.sec.gov/Archives/edgar/data/1870611/000187061125000003/primary_doc.xml
pirouette-pharma,form_d,2026-03-18,1080537,[],sec_edgar,https://www.sec.gov/Archives/edgar/data/1870611/000187061126000004/primary_doc.xml
ploy,form_d,2026-06-24,26571989,[],sec_edgar,https://www.sec.gov/Archives/edgar/data/2136625/000213662526000001/primary_doc.xml
poliglota,form_d,2021-04-13,725027,[],sec_edgar,https://www.sec.gov/Archives/edgar/data/1856606/000185660621000001/primary_doc.xml
pollinate,form_d,2020-02-11,100000,[],sec_edgar,https://www.sec.gov/Archives/edgar/data/1802790/000180279020000001/primary_doc.xml
primer,form_d,2022-05-19,12930000,[],sec_edgar,https://www.sec.gov/Archives/edgar/data/1930051/000193005122000001/primary_doc.xml
promakhos-therapeutics,form_d,2022-01-19,2246500,[],sec_edgar,https://www.sec.gov/Archives/edgar/data/1889681/000188968122000002/primary_doc.xml
propolis,form_d,2025-04-29,5000,[],sec_edgar,https://www.sec.gov/Archives/edgar/data/1912204/000191220425000006/primary_doc.xml
pursuit-2,form_d,2024-11-01,300000,[],sec_edgar,https://www.sec.gov/Archives/edgar/data/2043464/000204346424000002/primary_doc.xml
quan,form_d,2024-01-03,2821702,[],sec_edgar,https://www.sec.gov/Archives/edgar/data/2005205/000200520524000001/primary_doc.xml
queenly,form_d,2021-07-23,7079500,[],sec_edgar,https://www.sec.gov/Archives/edgar/data/1874011/000187401121000001/primary_doc.xml
quid,form_d,2022-10-27,1845000,[],sec_edgar,https://www.sec.gov/Archives/edgar/data/1822811/000182281122000001/primary_doc.xml
quid,form_d,2025-05-01,9721258,[],sec_edgar,https://www.sec.gov/Archives/edgar/data/1822811/000182281125000002/primary_doc.xml
quid,form_d,2021-09-09,2056700,[],sec_edgar,https://www.sec.gov/Archives/edgar/data/1822811/000182281121000001/primary_doc.xml
radical,form_d,2024-01-05,4465000,[],sec_edgar,https://www.sec.gov/Archives/edgar/data/2006674/000200667424000001/primary_doc.xml
rally-3,form_d,2024-03-27,8422357,[],sec_edgar,https://www.sec.gov/Archives/edgar/data/2017204/000201720424000001/primary_doc.xml
rally-3,form_d,2021-07-15,0,[],sec_edgar,https://www.sec.gov/Archives/edgar/data/1867277/000186727721000002/primary_doc.xml
reactwise,form_d,2024-10-04,1423000,[],sec_edgar,https://www.sec.gov/Archives/edgar/data/2038652/000203865224000001/primary_doc.xml
reality-defender,form_d,2024-10-24,17500000,[],sec_edgar,https://www.sec.gov/Archives/edgar/data/1993926/000199392624000001/primary_doc.xml
reality-defender,form_d,2023-10-16,19424966,[],sec_edgar,https://www.sec.gov/Archives/edgar/data/1993926/000199392623000002/primary_doc.xml
redcliffe-lifetech,form_d,2022-08-09,46933880,[],sec_edgar,https://www.sec.gov/Archives/edgar/data/1941551/000194155122000003/primary_doc.xml
redcliffe-lifetech,form_d,2022-08-08,46933880,[],sec_edgar,https://www.sec.gov/Archives/edgar/data/1941551/000194155122000002/primary_doc.xml
reflex,form_d,2026-01-28,6000,[],sec_edgar,https://www.sec.gov/Archives/edgar/data/2107760/000210776026000001/primary_doc.xml
remi,form_d,2024-08-12,23326685,[],sec_edgar,https://www.sec.gov/Archives/edgar/data/2032794/000203279424000003/primary_doc.xml
remi,form_d,2024-08-08,23276683,[],sec_edgar,https://www.sec.gov/Archives/edgar/data/2032794/000203279424000002/primary_doc.xml
repool,form_d,2023-07-14,3710000,[],sec_edgar,https://www.sec.gov/Archives/edgar/data/1985481/000198548123000002/primary_doc.xml
revise-robotics,form_d,2025-05-28,3617975,[],sec_edgar,https://www.sec.gov/Archives/edgar/data/2069529/000206952925000001/primary_doc.xml
rhizome-ai,form_d,2026-01-22,85000,[],sec_edgar,https://www.sec.gov/Archives/edgar/data/2101297/000210129726000001/primary_doc.xml
rhizome-ai,form_d,2025-12-18,50000,[],sec_edgar,https://www.sec.gov/Archives/edgar/data/2101297/000210129725000001/primary_doc.xml
rollstack-2,form_d,2024-08-28,12924998,[],sec_edgar,https://www.sec.gov/Archives/edgar/data/2035381/000203538124000001/primary_doc.xml
runanywhere,form_d,2025-10-16,10000,[],sec_edgar,https://www.sec.gov/Archives/edgar/data/2092245/000209224525000001/primary_doc.xml
ryse,form_d,2022-02-03,0,[],sec_edgar,https://www.sec.gov/Archives/edgar/data/1824930/000182493022000002/primary_doc.xml
ryse,form_d,2022-10-04,0,[],sec_edgar,https://www.sec.gov/Archives/edgar/data/1824930/000182493022000006/primary_doc.xml
safetykit,form_d,2025-04-04,26998837,[],sec_edgar,https://www.sec.gov/Archives/edgar/data/2061540/000206154025000001/primary_doc.xml
safetykit,form_d,2025-10-15,27222287,[],sec_edgar,https://www.sec.gov/Archives/edgar/data/2061540/000206154025000004/primary_doc.xml
savant,form_d,2022-12-27,10259993,[],sec_edgar,https://www.sec.gov/Archives/edgar/data/1959810/000195981022000001/primary_doc.xml
savant,form_d,2025-02-11,18549990,[],sec_edgar,https://www.sec.gov/Archives/edgar/data/1959810/000195981025000001/primary_doc.xml
schemeflow,form_d,2023-11-20,366766,[],sec_edgar,https://www.sec.gov/Archives/edgar/data/1997814/000199781423000002/primary_doc.xml
seaflight-technologies,form_d,2022-11-14,450000,[],sec_edgar,https://www.sec.gov/Archives/edgar/data/1951615/000195161522000003/primary_doc.xml
seaflight-technologies,form_d,2023-07-03,30000,[],sec_edgar,https://www.sec.gov/Archives/edgar/data/1951615/000195161523000002/primary_doc.xml
seaflight-technologies,form_d,2023-01-03,40057,[],sec_edgar,https://www.sec.gov/Archives/edgar/data/1951615/000195161523000001/primary_doc.xml
seaflight-technologies,form_d,2022-10-21,885748,[],sec_edgar,https://www.sec.gov/Archives/edgar/data/1951615/000195161522000002/primary_doc.xml
sensei,form_d,2020-12-28,4507676,[],sec_edgar,https://www.sec.gov/Archives/edgar/data/1836582/000183658220000001/primary_doc.xml
sensible-biotechnologies,form_d,2023-02-21,1829000,[],sec_edgar,https://www.sec.gov/Archives/edgar/data/1964363/000196436323000001/primary_doc.xml
shinkei-systems,form_d,2024-02-05,6274307,[],sec_edgar,https://www.sec.gov/Archives/edgar/data/1924433/000192443324000001/primary_doc.xml
shortloop,form_d,2024-07-03,2734999,[],sec_edgar,https://www.sec.gov/Archives/edgar/data/1983989/000198398924000002/primary_doc.xml
shortloop,form_d,2023-07-26,500000,[],sec_edgar,https://www.sec.gov/Archives/edgar/data/1983989/000198398923000001/primary_doc.xml
shortloop,form_d,2024-02-20,2249998,[],sec_edgar,https://www.sec.gov/Archives/edgar/data/1983989/000198398924000001/primary_doc.xml
sila,form_d,2020-04-22,2940000,[],sec_edgar,https://www.sec.gov/Archives/edgar/data/1805500/000180550020000002/primary_doc.xml
sila,form_d,2020-03-19,7739997,[],sec_edgar,https://www.sec.gov/Archives/edgar/data/1805500/000180550020000001/primary_doc.xml
sola,form_d,2025-08-25,8000433,[],sec_edgar,https://www.sec.gov/Archives/edgar/data/2083129/000208312925000001/primary_doc.xml
solidroad,form_d,2026-03-31,31952560,[],sec_edgar,https://www.sec.gov/Archives/edgar/data/2126127/000212612726000001/primary_doc.xml
solo,form_d,2021-08-30,5289999,[],sec_edgar,https://www.sec.gov/Archives/edgar/data/1878762/000187876221000001/primary_doc.xml
spline,form_d,2024-07-11,16032940,[],sec_edgar,https://www.sec.gov/Archives/edgar/data/2029967/000202996724000001/primary_doc.xml
spoken,form_d,2026-03-05,500000,[],sec_edgar,https://www.sec.gov/Archives/edgar/data/2113557/000211355726000001/primary_doc.xml
stepful,form_d,2021-10-07,1860000,[],sec_edgar,https://www.sec.gov/Archives/edgar/data/1882717/000188271721000001/primary_doc.xml
stepful,form_d,2022-07-01,4866664,[],sec_edgar,https://www.sec.gov/Archives/edgar/data/1882717/000188271722000001/primary_doc.xml
stepful,form_d,2023-09-27,11763608,[],sec_edgar,https://www.sec.gov/Archives/edgar/data/1882717/000188271723000001/primary_doc.xml
stoke-space,form_d,2026-04-16,275000029,[],sec_edgar,https://www.sec.gov/Archives/edgar/data/1861415/000186141526000001/primary_doc.xml
stoke-space,form_d,2025-11-06,409999965,[],sec_edgar,https://www.sec.gov/Archives/edgar/data/1861415/000186141525000005/primary_doc.xml
stoke-space,form_d,2025-01-23,145999814,[],sec_edgar,https://www.sec.gov/Archives/edgar/data/1861415/000186141525000001/primary_doc.xml
stoke-space,form_d,2025-01-23,183799935,[],sec_edgar,https://www.sec.gov/Archives/edgar/data/1861415/000186141525000002/primary_doc.xml
stoke-space,form_d,2021-05-10,9141800,[],sec_edgar,https://www.sec.gov/Archives/edgar/data/1861415/000186141521000001/primary_doc.xml
stoke-space,form_d,2021-12-21,64999992,[],sec_edgar,https://www.sec.gov/Archives/edgar/data/1861415/000186141521000002/primary_doc.xml
stratify,form_d,2020-08-25,4899998,[],sec_edgar,https://www.sec.gov/Archives/edgar/data/1821679/000182167920000001/primary_doc.xml
studystream,form_d,2022-04-14,9032486,[],sec_edgar,https://www.sec.gov/Archives/edgar/data/1923540/000192354022000001/primary_doc.xml
subvysion,form_d,2026-03-26,355000,[],sec_edgar,https://www.sec.gov/Archives/edgar/data/2123212/000212321226000001/primary_doc.xml
sunflower,form_d,2023-07-20,505000,[],sec_edgar,https://www.sec.gov/Archives/edgar/data/1876339/000108036823000032/primary_doc.xml
sunflower,form_d,2021-08-09,9924993,[],sec_edgar,https://www.sec.gov/Archives/edgar/data/1876339/000187633921000002/primary_doc.xml
sunflower,form_d,2023-12-28,1500000,[],sec_edgar,https://www.sec.gov/Archives/edgar/data/1876339/000108036823000047/primary_doc.xml
svix,form_d,2023-03-08,10386993,[],sec_edgar,https://www.sec.gov/Archives/edgar/data/1854436/000185443623000002/primary_doc.xml
sygaldry-technologies,form_d,2026-04-14,139034650,[],sec_edgar,https://www.sec.gov/Archives/edgar/data/2125374/000094787126000430/primary_doc.xml
sync-2,form_d,2021-09-01,590000,[],sec_edgar,https://www.sec.gov/Archives/edgar/data/1880312/000188031221000001/primary_doc.xml
taloflow,form_d,2021-01-13,1753458,[],sec_edgar,https://www.sec.gov/Archives/edgar/data/1839340/000183934021000001/primary_doc.xml
taloflow,form_d,2024-09-12,250025,[],sec_edgar,https://www.sec.gov/Archives/edgar/data/1839340/000183934024000003/primary_doc.xml
tamarind-bio,form_d,2025-05-15,13559984,[],sec_edgar,https://www.sec.gov/Archives/edgar/data/2068537/000206853725000001/primary_doc.xml
teamout,form_d,2024-08-13,60000,[],sec_edgar,https://www.sec.gov/Archives/edgar/data/2032195/000203219524000001/primary_doc.xml
telmai,form_d,2023-05-17,8461497,[],sec_edgar,https://www.sec.gov/Archives/edgar/data/1977425/000197742523000001/primary_doc.xml
therify,form_d,2023-08-30,2010000,[],sec_edgar,https://www.sec.gov/Archives/edgar/data/1991625/000199162523000001/primary_doc.xml
therify,form_d,2025-12-10,200000,[],sec_edgar,https://www.sec.gov/Archives/edgar/data/1991625/000199162525000002/primary_doc.xml
thesis,form_d,2021-07-30,26040176,[],sec_edgar,https://www.sec.gov/Archives/edgar/data/1638983/000163898321000004/primary_doc.xml
tint,form_d,2022-01-24,29575006,[],sec_edgar,https://www.sec.gov/Archives/edgar/data/1905588/000190558822000001/primary_doc.xml
tiny,form_d,2025-06-12,1916378,[],sec_edgar,https://www.sec.gov/Archives/edgar/data/1836775/000183677525000004/primary_doc.xml
toku,form_d,2023-05-01,3200822,[],sec_edgar,https://www.sec.gov/Archives/edgar/data/1975820/000197582023000001/primary_doc.xml
tractian,form_d,2024-12-09,122859946,[],sec_edgar,https://www.sec.gov/Archives/edgar/data/2047357/000204735724000003/primary_doc.xml
tranch,form_d,2024-05-24,3200000,[],sec_edgar,https://www.sec.gov/Archives/edgar/data/1952538/000195253824000005/primary_doc.xml
tranch,form_d,2024-05-24,1300000,[],sec_edgar,https://www.sec.gov/Archives/edgar/data/1952538/000195253824000006/primary_doc.xml
tranch,form_d,2022-11-09,2500000,[],sec_edgar,https://www.sec.gov/Archives/edgar/data/1952538/000195253822000001/primary_doc.xml
triomics,form_d,2023-02-22,13754980,[],sec_edgar,https://www.sec.gov/Archives/edgar/data/1962627/000196262723000003/primary_doc.xml
turion-space,form_d,2023-11-02,11118933,[],sec_edgar,https://www.sec.gov/Archives/edgar/data/1880581/000188058123000001/primary_doc.xml
turion-space,form_d,2021-12-01,4415500,[],sec_edgar,https://www.sec.gov/Archives/edgar/data/1880581/000188058121000002/primary_doc.xml
turion-space,form_d,2021-08-30,160000,[],sec_edgar,https://www.sec.gov/Archives/edgar/data/1880581/000188058121000001/primary_doc.xml
tybr-health,form_d,2025-01-31,1084679,[],sec_edgar,https://www.sec.gov/Archives/edgar/data/1835188/000183518825000002/primary_doc.xml
tybr-health,form_d,2020-12-09,709999,[],sec_edgar,https://www.sec.gov/Archives/edgar/data/1835188/000183518820000001/primary_doc.xml
tybr-health,form_d,2025-11-26,7142974,[],sec_edgar,https://www.sec.gov/Archives/edgar/data/1835188/000183518825000005/primary_doc.xml
upstream,form_d,2026-04-30,250000,[],sec_edgar,https://www.sec.gov/Archives/edgar/data/2132094/000194104026000288/primary_doc.xml
valari,form_d,2022-03-29,0,[],sec_edgar,https://www.sec.gov/Archives/edgar/data/1919718/000191971822000001/primary_doc.xml
valence,form_d,2026-07-08,7725000,[],sec_edgar,https://www.sec.gov/Archives/edgar/data/2094606/000209460626000002/primary_doc.xml
vapi,form_d,2026-05-12,49999998,[],sec_edgar,https://www.sec.gov/Archives/edgar/data/2042931/000204293126000005/primary_doc.xml
vapi,form_d,2024-12-16,25224997,[],sec_edgar,https://www.sec.gov/Archives/edgar/data/2042931/000204293124000001/primary_doc.xml
veles,form_d,2024-03-05,500000,[],sec_edgar,https://www.sec.gov/Archives/edgar/data/2007836/000200783624000002/primary_doc.xml
veles,form_d,2024-05-23,1415000,[],sec_edgar,https://www.sec.gov/Archives/edgar/data/2007836/000200783624000003/primary_doc.xml
veles,form_d,2024-01-11,230000,[],sec_edgar,https://www.sec.gov/Archives/edgar/data/2007836/000200783624000001/primary_doc.xml
velontra,form_d,2025-03-19,250000,[],sec_edgar,https://www.sec.gov/Archives/edgar/data/1868798/000186879825000003/primary_doc.xml
velontra,form_d,2021-06-23,150000,[],sec_edgar,https://www.sec.gov/Archives/edgar/data/1868798/000186879821000001/primary_doc.xml
vendease,form_d,2022-09-28,19254761,[],sec_edgar,https://www.sec.gov/Archives/edgar/data/1948192/000194819222000001/primary_doc.xml
verde,form_d,2026-01-23,3000727,[],sec_edgar,https://www.sec.gov/Archives/edgar/data/2017872/000201787226000002/primary_doc.xml
verde,form_d,2025-04-18,1200000,[],sec_edgar,https://www.sec.gov/Archives/edgar/data/2017872/000201787225000002/primary_doc.xml
verde,form_d,2024-05-24,700000,[],sec_edgar,https://www.sec.gov/Archives/edgar/data/2017872/000201787224000001/primary_doc.xml
vinci-games,form_d,2021-05-19,0,[],sec_edgar,https://www.sec.gov/Archives/edgar/data/1863070/000186307021000001/primary_doc.xml
vooma,form_d,2024-12-10,14224988,[],sec_edgar,https://www.sec.gov/Archives/edgar/data/2048046/000204804624000001/primary_doc.xml
waffle,form_d,2022-06-07,2110000,[],sec_edgar,https://www.sec.gov/Archives/edgar/data/1762643/000176264322000002/primary_doc.xml
waffle,form_d,2021-04-05,5004058,[],sec_edgar,https://www.sec.gov/Archives/edgar/data/1762643/000176264321000001/primary_doc.xml
waffle,form_d,2023-06-30,3310000,[],sec_edgar,https://www.sec.gov/Archives/edgar/data/1762643/000176264323000002/primary_doc.xml
waffle,form_d,2025-03-25,500000,[],sec_edgar,https://www.sec.gov/Archives/edgar/data/1762643/000176264325000001/primary_doc.xml
waffle,form_d,2022-06-06,2110000,[],sec_edgar,https://www.sec.gov/Archives/edgar/data/1762643/000176264322000001/primary_doc.xml
waffle,form_d,2024-12-09,4000000,[],sec_edgar,https://www.sec.gov/Archives/edgar/data/1762643/000176264324000001/primary_doc.xml
wavelength,form_d,2024-01-16,3999994,[],sec_edgar,https://www.sec.gov/Archives/edgar/data/2007578/000200757824000001/primary_doc.xml
wingback,form_d,2022-02-01,1767000,[],sec_edgar,https://www.sec.gov/Archives/edgar/data/1907935/000190793522000001/primary_doc.xml
worksphere,form_d,2021-04-05,380000,[],sec_edgar,https://www.sec.gov/Archives/edgar/data/1827342/000172613221000003/primary_doc.xml
worksphere,form_d,2020-10-08,65000,[],sec_edgar,https://www.sec.gov/Archives/edgar/data/1827342/000182734220000001/primary_doc.xml
worksphere,form_d,2020-12-02,435000,[],sec_edgar,https://www.sec.gov/Archives/edgar/data/1827342/000182734220000002/primary_doc.xml
xeol,form_d,2023-12-06,3146997,[],sec_edgar,https://www.sec.gov/Archives/edgar/data/2003246/000200324623000001/primary_doc.xml
yummy-inc,form_d,2021-10-21,26934878,[],sec_edgar,https://www.sec.gov/Archives/edgar/data/1887940/000188794021000001/primary_doc.xml
zealth,form_d,2021-11-05,94999993,[],sec_edgar,https://www.sec.gov/Archives/edgar/data/1892475/000189247521000001/primary_doc.xml
zeropath,form_d,2026-03-23,7028000,[],sec_edgar,https://www.sec.gov/Archives/edgar/data/2123552/000212355226000001/primary_doc.xml
zingbus,form_d,2025-06-06,12561244,[],sec_edgar,https://www.sec.gov/Archives/edgar/data/2071484/000207148425000001/primary_doc.xml
zoios,form_d,2024-05-13,1490296,[],sec_edgar,https://www.sec.gov/Archives/edgar/data/2023148/000202314824000001/primary_doc.xml
