company_id,snapshot_url,phrase,snippet,checked_at
abbot,https://web.archive.org/web/20251228/http://ab.bot/,,,2026-07-17 06:24:33.73531
abel,https://web.archive.org/web/20251228/http://tryabel.com/,,,2026-07-17 06:24:37.339027
aedilic,https://web.archive.org/web/20250928/http://nonescape.com/,,,2026-07-17 06:24:41.213148
aerotime,https://web.archive.org/web/20260428/http://aerotime.com/,,,2026-07-17 06:25:01.999059
airtrain-ai,https://web.archive.org/web/20260428/http://airtrain.ai/,,,2026-07-17 06:25:05.924373
aisupervision,https://web.archive.org/web/20260528/http://aisupervision.com/,,,2026-07-17 06:25:10.098913
aklimate,https://web.archive.org/web/20250528/http://getaklimate.com/,,,2026-07-17 06:25:15.349532
akudo,https://web.archive.org/web/20240628/http://akudo.in/,,,2026-07-17 06:25:20.555444
algofi,https://web.archive.org/web/20240528/http://algofi.org/,,,2026-07-17 06:25:25.572186
alltruists,https://web.archive.org/web/20240228/http://alltruists.com/,,,2026-07-17 06:25:29.860315
alma,https://web.archive.org/web/20251228/http://myalmafi.com/,,,2026-07-17 06:25:36.111991
almond,https://web.archive.org/web/20260428/http://almondobgyn.com/,,,2026-07-17 06:25:40.706889
altrina,https://web.archive.org/web/20260528/http://altrina.com/,,,2026-07-17 06:25:45.935558
antwalk,https://web.archive.org/web/20260528/http://antwalk.com/,,,2026-07-17 06:25:53.099312
apollo-2,https://web.archive.org/web/20230428/http://withapollo.com/,,,2026-07-17 06:25:58.178759
argovox,https://web.archive.org/web/20250628/http://argovox.com/,,,2026-07-17 06:26:03.523749
atla,https://web.archive.org/web/20260228/http://atla-ai.com/,,,2026-07-17 06:26:09.264722
avairsense,https://web.archive.org/web/20250928/http://avairsense.com/,,,2026-07-17 06:26:15.053379
avion-school,https://web.archive.org/web/20260128/http://avionschool.com/,,,2026-07-17 06:26:20.215821
bewell-digital,https://web.archive.org/web/20250528/http://bewelldigital.com/,,,2026-07-17 06:26:25.353839
bifrost,https://web.archive.org/web/20250328/http://hapi.finance/,,,2026-07-17 06:26:29.914064
blackoaktv,https://web.archive.org/web/20250428/http://blackoak.tv/,,,2026-07-17 06:26:34.480943
blink,https://web.archive.org/web/20230428/http://blinklastmile.com/,,,2026-07-17 06:26:39.086899
blume-benefits,https://web.archive.org/web/20260428/http://blumebenefits.com/,,,2026-07-17 06:26:43.583744
blyss,https://web.archive.org/web/20260728/http://blyss.dev/,,,2026-07-17 06:26:47.375057
boitas-com,https://web.archive.org/web/20260428/http://boitas.com/,,,2026-07-17 06:26:51.454285
botin,https://web.archive.org/web/20230928/http://botin.app/,,,2026-07-17 06:26:55.758532
branch-ai,https://web.archive.org/web/20250628/http://branch-ai.com/,,,2026-07-17 06:26:59.982516
bricksai,https://web.archive.org/web/20250428/http://trybricks.ai/,,,2026-07-17 06:27:04.572825
bridgecard,https://web.archive.org/web/20260528/http://bridgecard.cards/,,,2026-07-17 06:27:08.321759
briefer,https://web.archive.org/web/20260128/http://briefer.cloud/,,,2026-07-17 06:27:12.489769
buzzle,https://web.archive.org/web/20240428/http://buzzle.ai/,,,2026-07-17 06:27:16.836431
cache,https://web.archive.org/web/20251028/http://grabcache.com/,,,2026-07-17 06:27:20.585617
cakework,https://web.archive.org/web/20260528/http://cakework.com/,,,2026-07-17 06:27:25.054405
capsule,https://web.archive.org/web/20250528/http://shopcapsule.ai/,,,2026-07-17 06:28:02.32945
cashmere,https://web.archive.org/web/20251128/http://cashmere.finance/,,,2026-07-17 06:28:06.401887
castia,https://web.archive.org/web/20240928/http://castia.com/,,,2026-07-17 06:28:11.003218
castled-io,https://web.archive.org/web/20260528/http://castled.io/,,,2026-07-17 06:28:14.807281
caucus,https://web.archive.org/web/20260428/http://usecaucus.com/,,,2026-07-17 06:28:18.703712
celest,https://web.archive.org/web/20260528/http://celest.dev/,,,2026-07-17 06:28:23.001408
charge-running,https://web.archive.org/web/20260228/http://chargerunning.com/,,,2026-07-17 06:28:26.768562
cheqout,https://web.archive.org/web/20230628/http://cheqout.com/,,,2026-07-17 06:28:30.734238
cherry-recommends,https://web.archive.org/web/20260628/http://cherry.ai/,,,2026-07-17 06:28:35.140906
choppy,https://web.archive.org/web/20260528/http://eatchoppy.com/,,,2026-07-17 06:28:39.389932
clay,https://web.archive.org/web/20240928/http://clay3d.io/,,,2026-07-17 06:28:44.697711
codeball,https://web.archive.org/web/20241028/http://codeball.ai/,,,2026-07-17 06:28:49.707499
codeparrot-ai,https://web.archive.org/web/20260528/http://codeparrot.ai/,,,2026-07-17 06:28:55.931188
codestory,https://web.archive.org/web/20260728/http://aide.dev/,,,2026-07-17 06:29:00.453411
coffeeai,https://web.archive.org/web/20250528/http://get-coffee.ai/,,,2026-07-17 06:29:13.139809
comet-health,https://web.archive.org/web/20260528/http://trycomet.com/,,,2026-07-17 06:29:18.019601
commery,https://web.archive.org/web/20251128/http://trycommery.com/,,,2026-07-17 06:29:22.707875
controlhub,https://web.archive.org/web/20260528/http://controlhub.com/,,,2026-07-17 06:29:27.969134
coverified,https://web.archive.org/web/20251228/http://coverified.us/,,,2026-07-17 06:29:32.842468
covie,https://web.archive.org/web/20260528/http://covie.com/,,,2026-07-17 06:29:37.464869
craftos,https://web.archive.org/web/20250628/http://craftos.com/,,,2026-07-17 06:29:41.745415
crmcopilot,https://web.archive.org/web/20250928/http://crmcopilot.co/,,,2026-07-17 06:30:17.704917
customeros,https://web.archive.org/web/20260428/http://customeros.ai/,,,2026-07-17 06:30:22.537555
dataherald,https://web.archive.org/web/20241228/http://dataherald.com/,,,2026-07-17 06:30:26.86316
deepsilicon,https://web.archive.org/web/20250828/http://deepsilicon.net/,,,2026-07-17 06:30:33.268114
defer,https://web.archive.org/web/20240628/http://defer.run/,,,2026-07-17 06:30:38.066444
degrees-of-freedom,https://web.archive.org/web/20260528/http://degreesoffreedom.org/,,,2026-07-17 06:30:43.717544
delegasi,https://web.archive.org/web/20260528/http://delegasi.co/,,,2026-07-17 06:30:47.603461
demo-gorilla,https://web.archive.org/web/20260528/http://demogorilla.com/,,,2026-07-17 06:30:51.39305
demospace,https://web.archive.org/web/20240528/http://demospace.ai/,,,2026-07-17 06:30:56.08748
denormalized,https://web.archive.org/web/20260228/http://denormalized.io/,,,2026-07-17 06:30:59.89313
dev-tools-ai,https://web.archive.org/web/20240828/http://dev-tools.ai/,,,2026-07-17 06:31:03.887057
dgi-apparel,https://web.archive.org/web/20260428/http://dgiapparel.com/,,,2026-07-17 06:31:08.187006
dialect-2,https://web.archive.org/web/20241028/http://usedialect.com/,,,2026-07-17 06:31:12.881802
dime,https://web.archive.org/web/20241228/http://dime.io/,,,2026-07-17 06:31:16.919941
dome,https://web.archive.org/web/20260628/http://domeapi.io/,,,2026-07-17 06:31:20.891925
dressd,https://web.archive.org/web/20260328/http://dressd.com/,,,2026-07-17 06:31:25.491453
drip,https://web.archive.org/web/20260528/http://dripapp.com.br/,,,2026-07-17 06:31:30.508083
drivingforce,https://web.archive.org/web/20260128/http://drivingforce.co/,,,2026-07-17 06:31:34.624513
eat-blueprint,https://web.archive.org/web/20240528/http://eatblueprint.com/,,,2026-07-17 06:31:40.908089
echo,https://web.archive.org/web/20250328/http://echothat.ai/,,,2026-07-17 06:31:46.666895
emigre,https://web.archive.org/web/20260528/http://emigre.us/,,,2026-07-17 06:31:50.528366
engines,https://web.archive.org/web/20260528/http://engines.dev/,,,2026-07-17 06:31:54.882283
fabius,https://web.archive.org/web/20260428/http://fabius.io/,acquired by,"Fabius Fabius was acquired by Fractional AI! Read more here . Fabius was acquired by Fractional AI! Read more here . Why Fabius? ')"" class=""framer-1papnme"" aria-hidden=""true""> Platform Use Cases ')"" class=""framer-1papnme"" aria-hidden=""true""> Industries ')"" class=""framer-1papnme"" aria-hidden=""true""> Company Sign in Book a Demo Home ')"" class=""framer-1papnme"" aria-hidden=""true""> Products ')"" class=""framer-1papnme"" aria-hidden=""true""> Services Customers ')"" class=""fr",2026-07-17 06:31:59.284012
fable,https://web.archive.org/web/20260528/http://tryfable.com/,,,2026-07-17 06:32:03.378425
faction,https://web.archive.org/web/20251128/http://faction.us/,,,2026-07-17 06:32:07.932825
fastfarma,https://web.archive.org/web/20230928/http://fastfarma.com/,,,2026-07-17 06:32:13.204569
fello,https://web.archive.org/web/20260428/http://fello.in/,,,2026-07-17 06:32:18.529693
fileforge,https://web.archive.org/web/20260128/http://fileforge.com/,,,2026-07-17 06:32:25.090354
finantier,https://web.archive.org/web/20250228/http://finantier.co/,,,2026-07-17 06:32:31.781174
finary,https://web.archive.org/web/20230628/http://about.finary.io/,,,2026-07-17 06:32:36.513776
finnt,https://web.archive.org/web/20260328/http://finnt.com/,,,2026-07-17 06:32:41.720275
firstquadrant,https://web.archive.org/web/20260528/http://firstquadrant.ai/,,,2026-07-17 06:32:48.307356
flike,https://web.archive.org/web/20260528/http://flike.app/,acquired by,"Flike | AI Sales Co-Pilot Acquired by FirstQuadrant YC-backed AI sales platform FirstQuadrant acquires Flike FirstQuadrant , a leading AI sales platform, is excited to announce its acquisition of Flike. This acquisition supports FirstQuadrant's mission to empower tech companies to achieve sustained, exponential growth through cutting-edge AI sales automation. This strategic acquisition aligns with FirstQuadrant's commitment to fostering progress across the tech industry b",2026-07-17 06:32:53.329036
flowbo-inc,https://web.archive.org/web/20260528/http://flowbo.co/,,,2026-07-17 06:32:57.404511
flowdeploy,https://web.archive.org/web/20251128/http://flowdeploy.com/,,,2026-07-17 06:33:01.953646
flyflow,https://web.archive.org/web/20251128/http://flyflow.ai/,,,2026-07-17 06:33:06.342048
forage-mail,https://web.archive.org/web/20251128/http://foragemail.com/,,,2026-07-17 06:33:11.155787
forcyte-biotechnologies,https://web.archive.org/web/20260128/http://forcytebio.com/,,,2026-07-17 06:33:18.704806
gait,https://web.archive.org/web/20250528/http://getgait.com/,,,2026-07-17 06:33:23.210663
galaxy,https://web.archive.org/web/20260528/http://launchpointhq.com/,,,2026-07-17 06:33:29.122577
gigs-live,https://web.archive.org/web/20220128/http://gigs.live/,,,2026-07-17 06:33:34.705061
glimmer,https://web.archive.org/web/20260228/http://withglimmer.com/,,,2026-07-17 06:33:39.297205
gobillion,https://web.archive.org/web/20251228/http://gobillion.co/,,,2026-07-17 06:33:44.467435
gobuild-fka-brick,https://web.archive.org/web/20251228/http://go.build/,,,2026-07-17 11:44:15.136314
gonddo,https://web.archive.org/web/20220828/http://gonddo.com.br/,,,2026-07-17 06:44:21.955299
goodcourse,https://web.archive.org/web/20251028/http://goodcourse.co/,,,2026-07-17 06:44:26.30919
grai,https://web.archive.org/web/20251128/http://grai.io/,,,2026-07-17 06:44:31.544408
greentally,https://web.archive.org/web/20260128/http://greentally.ai/,,,2026-07-17 11:44:19.120502
hedgehog,https://web.archive.org/web/20260228/http://hedgehog.app/,,,2026-07-17 06:52:21.540171
heimdal,https://web.archive.org/web/20260428/http://heimdalccu.com/,,,2026-07-17 06:52:25.977638
homeflow,https://web.archive.org/web/20250628/http://homeflow.me/,,,2026-07-17 06:52:29.870405
huddlefire,https://web.archive.org/web/20220828/http://huddlefire.com/,,,2026-07-17 06:52:34.828887
hyperseed,https://web.archive.org/web/20231228/http://hyperseed.com/,,,2026-07-17 07:10:45.822401
ilumadata,https://web.archive.org/web/20250228/http://ilumadata.io/,,,2026-07-17 11:44:54.044604
indexical,https://web.archive.org/web/20251128/http://indexical.dev/,,,2026-07-17 07:19:25.848223
integration-labs,https://web.archive.org/web/20250228/http://integrationlabs.co/,,,2026-07-17 07:19:31.073012
interlock,https://web.archive.org/web/20230928/http://tryinterlock.com/,,,2026-07-17 07:19:35.491367
invaria,https://web.archive.org/web/20260528/http://invaria.com/,,,2026-07-17 07:19:40.1488
invoid,https://web.archive.org/web/20230528/http://invoid.co/,,,2026-07-17 07:19:45.309418
ivella,https://web.archive.org/web/20260428/http://ivella.com/,,,2026-07-17 07:19:50.237107
jasmine-energy,https://web.archive.org/web/20260628/http://jasmine.energy/,,,2026-07-17 07:19:56.413728
joinsub,https://web.archive.org/web/20260528/http://joinsub.com/,,,2026-07-17 07:20:01.365429
june,https://web.archive.org/web/20260728/http://june.so/,,,2026-07-17 07:20:05.965913
jupe,https://web.archive.org/web/20260728/http://jupe.com/,,,2026-07-17 07:20:11.708729
k-scale-labs,https://web.archive.org/web/20260428/http://kscale.dev/,,,2026-07-17 07:20:19.21797
kable,https://web.archive.org/web/20260528/http://kable.io/,,,2026-07-17 07:20:24.029813
kindamagical,https://web.archive.org/web/20260528/http://kindamagical.com/,,,2026-07-17 07:20:28.843252
kodda,https://web.archive.org/web/20250928/http://kodda.com/,,,2026-07-17 07:20:34.682501
krab,https://web.archive.org/web/20250928/http://krab.in/,,,2026-07-17 07:20:41.526483
lantern-2,https://web.archive.org/web/20260528/http://lantern.dev/,,,2026-07-17 07:20:47.249624
launcher-labs,https://web.archive.org/web/20260528/http://launchcaster.xyz/,joining forces with,"Launchcaster - Discover the best new Web3 projects projects newsletter new launch log in 🍔 launchcaster weekly subscribe to get the best new Web3 projects delivered to your inbox. subscribe our subscribers we&#x27;re joining forces with Orange DAO! trending top new 1 Mobile interface update @upelsin.mapat 1d news 1 Free tiles for early birds @upelsin.mapat 3d launch 1 Sonic Labs Commits $1M to $S Buyback While Pushing AI-Powered dApp Development @coinplurk 1w news 1 Free pets and Animals Classified | United States. @jananidevi321 1w launch 497 FLOC* Onchain-Kit - Design Solution for MiniApps and Community Building @floc 7mo launch 11.4k Farcaster Frames Frenz",2026-07-17 07:21:24.946086
lavo-life-sciences,https://web.archive.org/web/20260228/http://lavo.ai/,,,2026-07-17 07:21:29.158654
layup,https://web.archive.org/web/20260628/http://layuplabs.ai/,,,2026-07-17 07:21:36.347748
leafpress,https://web.archive.org/web/20260428/http://trycardinal.ai/,,,2026-07-17 07:21:41.921342
levo,https://web.archive.org/web/20230328/http://levo.mx/,,,2026-07-17 07:21:47.573362
lifecast,https://web.archive.org/web/20251028/http://lifecastvr.com/,,,2026-07-17 07:21:52.299895
lilac-labs,https://web.archive.org/web/20250628/http://drive-thru.ai/,,,2026-07-17 07:21:57.199549
line-build,https://web.archive.org/web/20240628/http://line.build/,,,2026-07-17 07:22:02.523505
lobby,https://web.archive.org/web/20240428/http://uselobby.com/,,,2026-07-17 07:22:06.742077
lotus,https://web.archive.org/web/20251128/http://uselotus.io/,,,2026-07-17 07:22:11.30763
lovd,https://web.archive.org/web/20250228/http://lovd.com/,,,2026-07-17 07:22:15.427287
luca,https://web.archive.org/web/20260328/http://askluca.com/,,,2026-07-17 07:22:20.230047
lunatic,https://web.archive.org/web/20260528/http://lunatic.solutions/,,,2026-07-17 07:22:28.863992
lynx,https://web.archive.org/web/20251128/http://uselynx.ai/,,,2026-07-17 07:22:33.364879
lysto,https://web.archive.org/web/20251128/http://lysto.ai/,,,2026-07-17 07:22:37.817728
magic-2,https://web.archive.org/web/20260528/http://joinmagic.com/,,,2026-07-17 07:22:42.257567
magicflow,https://web.archive.org/web/20260128/http://magicflow.ai/,,,2026-07-17 07:22:46.457993
manatee,https://web.archive.org/web/20251128/http://trymanatee.com/,,,2026-07-17 07:22:50.466686
mango-health,https://web.archive.org/web/20250928/http://themangohealth.com/,,,2026-07-17 07:22:55.1414
mantlebio,https://web.archive.org/web/20260328/http://mantlebio.com/,,,2026-07-17 07:22:59.744976
marathon-education,https://web.archive.org/web/20260528/http://marathon.edu.vn/,,,2026-07-17 07:23:05.093677
meetanyway,https://web.archive.org/web/20250328/http://meetanyway.com/,,,2026-07-17 07:23:09.984685
membo,https://web.archive.org/web/20260228/http://membo.ee/,,,2026-07-17 07:23:14.940956
mentorcam,https://web.archive.org/web/20260328/http://mentor.cam/,,,2026-07-17 07:23:21.317891
mercator,https://web.archive.org/web/20260528/http://mercator.tech/,,,2026-07-17 07:23:26.038686
micro-meat,https://web.archive.org/web/20230628/http://micromeat.com/,,,2026-07-17 07:24:08.84339
milk-video,https://web.archive.org/web/20260428/http://milkvideo.com/,,,2026-07-17 07:24:14.93144
milky-way-ai,https://web.archive.org/web/20260528/http://milkyway.ai/,,,2026-07-17 07:24:20.022471
mindmesh,https://web.archive.org/web/20260528/http://mindmesh.com/,,,2026-07-17 07:24:25.901328
mindportal,https://web.archive.org/web/20260328/http://mindportal.com/,acquired by,"al in the Press → Our Backers Y Combinator Silicon Valley's leading technology accelerator 7Percent Ventures Deep tech venture capital fund Learn Capital $1B+ venture fund focused on frontier innovation James Park Founder &amp; Former CEO of Fitbit (acquired by Google for $2.1B) Julie Zhuo Former VP of Design at Facebook/Meta, Co-founder of Sundial Matt Bellamy 2x Grammy Award winning rockstar, Frontman of Muse The Future is Thought-based Interfaces Thought-driven technology is the inevitable way in which humans will interact with AI. We’ve built powerful proof that this future is possible now, and coming soon. Find out more: Contact Us →",2026-07-17 07:24:31.414775
mine,https://web.archive.org/web/20260328/http://usemine.com/,,,2026-07-17 07:24:38.758732
mixr,https://web.archive.org/web/20251128/http://mixronline.com/,,,2026-07-17 07:24:43.828279
mogara,https://web.archive.org/web/20250228/http://mogara.com/,,,2026-07-17 07:24:48.535559
moonrepo,https://web.archive.org/web/20260628/http://moonrepo.dev/,,,2026-07-17 07:24:56.010201
moonshot-brands,https://web.archive.org/web/20240328/http://moonshotbrands.com/,,,2026-07-17 07:25:00.622117
moving-parts,https://web.archive.org/web/20251128/http://movingparts.io/,,,2026-07-17 07:25:05.908247
movley,https://web.archive.org/web/20250228/http://movley.com/,,,2026-07-17 07:25:10.949578
moxion-power-co,https://web.archive.org/web/20260328/http://moxionpower.com/,,,2026-07-17 07:25:16.996371
neptyne,https://web.archive.org/web/20250128/http://neptyne.com/,,,2026-07-17 07:25:21.202412
nexus,https://web.archive.org/web/20260528/http://nexushq.com/,,,2026-07-17 07:25:57.141202
nftscoring,https://web.archive.org/web/20220228/http://nftscoring.com/,,,2026-07-17 07:26:04.190501
ngrow-ai,https://web.archive.org/web/20260528/http://ngrow.ai/,,,2026-07-17 07:26:09.5504
nimbus-3,https://web.archive.org/web/20260628/http://nimbus.dev/,,,2026-07-17 07:26:18.014662
nino-foods,https://web.archive.org/web/20260428/http://eatnino.com/,,,2026-07-17 07:26:26.61934
nohq,https://web.archive.org/web/20220728/http://nohq.com/,,,2026-07-17 07:27:06.878691
nophin,https://web.archive.org/web/20250528/http://nophin.com/,,,2026-07-17 07:27:12.042612
northwind,https://web.archive.org/web/20260428/http://northwindskin.com/,,,2026-07-17 07:27:17.221847
notebook-labs,https://web.archive.org/web/20240528/http://notebooklabs.xyz/,,,2026-07-17 07:27:24.392621
nuntius,https://web.archive.org/web/20260428/http://nuntius.ai/,,,2026-07-17 07:27:30.229136
observa,https://web.archive.org/web/20250828/http://observa.com/,,,2026-07-17 07:27:35.205579
ole,https://web.archive.org/web/20231228/http://oleshop.com/,,,2026-07-17 07:27:40.46943
oneshop,https://web.archive.org/web/20260528/http://oneshop.com/,,,2026-07-17 07:27:45.692993
onestopkitchen,https://web.archive.org/web/20240228/http://onestopkitchen.com/,,,2026-07-17 07:27:52.960669
onsite-pro,https://web.archive.org/web/20260528/http://onsitepro.co/,,,2026-07-17 07:27:58.900742
opensight,https://web.archive.org/web/20230428/http://opensight.ai/,,,2026-07-17 07:28:07.091318
opkit,https://web.archive.org/web/20241128/http://opkit.co/,,,2026-07-17 07:28:12.093564
ordinary-seafood,https://web.archive.org/web/20250128/http://ordinaryseafood.com/,,,2026-07-17 07:28:16.71949
outfit,https://web.archive.org/web/20231228/http://buildoutfit.com/,,,2026-07-17 07:28:22.307682
outloud-ai,https://web.archive.org/web/20250928/http://outloud.ai/,,,2026-07-17 07:28:30.830805
outsail-technologies,https://web.archive.org/web/20231228/http://outsailtech.com/,,,2026-07-17 07:28:35.357143
ozone,https://web.archive.org/web/20260228/http://ozone.pro/,,,2026-07-17 07:28:41.479936
paperplane,https://web.archive.org/web/20250128/http://paperplane.ai/,,,2026-07-17 07:28:46.391908
parabolic,https://web.archive.org/web/20260528/http://growparabolic.com/,,,2026-07-17 07:28:53.788452
patchwork,https://web.archive.org/web/20240528/http://atpatchwork.com/,,,2026-07-17 07:29:00.424225
patterns,https://web.archive.org/web/20260528/http://patterns.app/,,,2026-07-17 07:29:05.959676
payfura,https://web.archive.org/web/20241028/http://payfura.com/,,,2026-07-17 07:29:10.61921
peakpath,https://web.archive.org/web/20260428/http://peakpath.com/,,,2026-07-17 07:29:15.292548
pelm,https://web.archive.org/web/20260528/http://pelm.com/,,,2026-07-17 07:29:19.591346
penguin-ai,https://web.archive.org/web/20260528/http://penguinai.app/,,,2026-07-17 07:29:23.687482
perfekto,https://web.archive.org/web/20260628/http://perfekto.mx/,,,2026-07-17 07:29:28.296475
phoenix-hydrogen,https://web.archive.org/web/20260228/http://phoenixhydrogen.com/,,,2026-07-17 07:30:06.800416
pigeon-2,https://web.archive.org/web/20251228/http://usepigeon.io/,,,2026-07-17 07:30:11.17144
pivo-technology-inc,https://web.archive.org/web/20260428/http://pivo.africa/,,,2026-07-17 07:30:15.317603
platypus,https://web.archive.org/web/20250428/http://getplatypus.com/,,,2026-07-17 07:30:21.033552
playmaker,https://web.archive.org/web/20240328/http://getplaymaker.app/,,,2026-07-17 07:30:25.951677
ploomber,https://web.archive.org/web/20260428/http://ploomber.io/,,,2026-07-17 07:30:30.690108
pre,https://web.archive.org/web/20260428/http://buildwithpre.com/,,,2026-07-17 07:30:34.942241
prendea,https://web.archive.org/web/20260528/http://prendea.com/,,,2026-07-17 07:30:39.29013
propreturns,https://web.archive.org/web/20241228/http://propreturns.com/,,,2026-07-17 07:30:44.249861
protego,https://web.archive.org/web/20260528/http://protegosolutions.io/,,,2026-07-17 07:30:49.833001
purpose-finance,https://web.archive.org/web/20260328/http://purposefinance.com/,,,2026-07-17 07:30:54.10936
pursuit-2,https://web.archive.org/web/20260528/http://pursuit-properties.com/,,,2026-07-17 07:30:58.91354
quary,https://web.archive.org/web/20241228/http://quary.dev/,,,2026-07-17 07:31:35.630205
queenly,https://web.archive.org/web/20241228/http://queenly.com/,,,2026-07-17 07:31:43.599049
radmate-ai,https://web.archive.org/web/20250828/http://radmate.ai/,,,2026-07-17 07:31:49.199947
remy,https://web.archive.org/web/20250528/http://startremy.com/,,,2026-07-17 07:31:55.846353
revery-ai,https://web.archive.org/web/20250728/http://revery.ai/,,,2026-07-17 07:32:01.901743
rift,https://web.archive.org/web/20260528/http://rift.com/,,,2026-07-17 07:32:10.28801
riskangle,https://web.archive.org/web/20260528/http://riskangle.com/,,,2026-07-17 07:32:16.850438
roomplays,https://web.archive.org/web/20260228/http://criya.co/,,,2026-07-17 07:32:22.463239
rovr,https://web.archive.org/web/20260528/http://withrovr.com/,,,2026-07-17 07:32:28.50631
rubber-ducky-labs,https://web.archive.org/web/20251128/http://rubberduckylabs.io/,acquired by,"oad a CSV and start tagging metadata in minutes. See a Demo Our Team Alexandra Johnson, CEO Alexandra’s career spans half a dozen startups over multiple industries. She started in fashion tech, working on recommender systems and search at Polyvore ( acquired by Yahoo in 2015), before joining the ML tools space on the founding team at SigOpt ( acquired by Intel in 2020), where she led the Platform Team. She holds two patents in ML tooling, and has a degree in computer science from Carnegie Mellon University. John McDonnell, CTO John led the recommender systems ML group at Stitch Fix and has built transformative ML solutions spanning risk, recommender systems, and paid acquisition at Square (n",2026-07-17 07:32:33.100109
ruleset,https://web.archive.org/web/20260528/http://ruleset.ai/,,,2026-07-17 07:32:40.194803
ruta-health,https://web.archive.org/web/20260328/http://rutahealth.com/,,,2026-07-17 07:32:44.134491
ruth-health,https://web.archive.org/web/20241128/http://ruthhealth.com/,,,2026-07-17 07:32:51.347591
saatvy,https://web.archive.org/web/20250628/http://saatvy.com/,,,2026-07-17 07:32:56.654723
sbx-robotics,https://web.archive.org/web/20230628/http://sbxrobotics.com/,,,2026-07-17 07:33:02.922233
scratch-data,https://web.archive.org/web/20241028/http://scratchdata.com/,,,2026-07-17 07:33:07.95271
second,https://web.archive.org/web/20260528/http://second.dev/,,,2026-07-17 07:33:13.169072
selera-medical,https://web.archive.org/web/20251128/http://seleramedical.com/,,,2026-07-17 07:33:17.477711
sendme-inc,https://web.archive.org/web/20260428/http://sendme.ng/,,,2026-07-17 07:33:21.773883
sendo,https://web.archive.org/web/20260528/http://sendo.dev/,,,2026-07-17 07:33:28.631329
senpai-gg,https://web.archive.org/web/20251228/http://senpai.gg/,,,2026-07-17 07:33:32.728234
sensorsurf,https://web.archive.org/web/20251228/http://technician.dev/,,,2026-07-17 07:33:37.235393
sidenote,https://web.archive.org/web/20250828/http://sidenote.ai/,,,2026-07-17 07:34:12.671979
skillza,https://web.archive.org/web/20260228/http://skillza.co/,,,2026-07-17 07:34:17.581418
slashauth,https://web.archive.org/web/20250928/http://slashauth.com/,,,2026-07-17 07:34:25.158819
slauth-io,https://web.archive.org/web/20260428/http://slauth.io/,,,2026-07-17 07:34:29.972202
solarmente,https://web.archive.org/web/20250428/http://solarmente.es/,,,2026-07-17 07:34:34.85095
sorted,https://web.archive.org/web/20260628/http://sorted-lp.webflow.io/,,,2026-07-17 07:34:40.929262
spoken,https://web.archive.org/web/20260528/http://spoken.io/,,,2026-07-17 07:34:46.253914
squire-ai,https://web.archive.org/web/20250828/http://squire.ai/,,,2026-07-17 07:34:51.33084
stellar,https://web.archive.org/web/20260428/http://stellarapp.io/,,,2026-07-17 07:34:56.192986
struct,https://web.archive.org/web/20250228/http://struct.app/,,,2026-07-17 07:35:04.672578
sublingual,https://web.archive.org/web/20251128/http://sublingual.ai/,,,2026-07-17 07:35:13.288327
suggestr,https://web.archive.org/web/20251028/http://suggestr.co/,,,2026-07-17 07:35:21.172839
supercontrast,https://web.archive.org/web/20260528/http://supercontrast.com/,,,2026-07-17 07:35:27.82818
superpowered-ai,https://web.archive.org/web/20250928/http://superpowered.ai/,,,2026-07-17 07:35:32.745976
supertone,https://web.archive.org/web/20260528/http://supertone.com/,,,2026-07-17 07:35:38.376735
sylvian,https://web.archive.org/web/20260128/http://sylvian.ai/,,,2026-07-17 07:35:43.909751
synch,https://web.archive.org/web/20260228/http://withsynch.com/,,,2026-07-17 07:35:49.626135
taste,https://web.archive.org/web/20230128/http://gettaste.com/,farewell,"Thank you for dining with us With your help, we were able to deliver thousands of meals and over $1,000,000 to the best NYC restaurants during the COVID19 pandemic. Thank you for supporting NYC restaurants. So long, and farewell! For inquiries, please reach out to the founders: Jeff Chen Daryl Sew",2026-07-17 07:36:28.450082
tesseral,https://web.archive.org/web/20260528/http://tesseral.com/,,,2026-07-17 07:36:33.048617
thorntale,https://web.archive.org/web/20260428/http://thorntale.com/,shutting down,"Thorntale | Presenting the Future Blog Pricing About Docs Blog Pricing About Docs Thorntale Presentations is shutting down in December 2025. Read the blog post here. Present your best Year in Review Thorntale is the easiest way to create beautiful presentations. Automatic slide layouts, AI creation , and beautiful themes, all designed to make you stand out . Don’t you have better things to do? Thorntale AI handles the busywork so you can focus on what matters. Missing an agenda? Need to split up a cluttered slide? Want someone to give the whole deck a g",2026-07-17 07:36:37.64932
toolify,https://web.archive.org/web/20251128/http://toolify.sh/,,,2026-07-17 07:36:42.861911
triplit,https://web.archive.org/web/20260228/http://triplit.dev/,,,2026-07-17 07:36:49.939177
turntable,https://web.archive.org/web/20260528/http://turntable.so/,,,2026-07-17 07:36:55.676861
unfurl,https://web.archive.org/web/20260228/http://unfurlcuisine.com/,,,2026-07-17 07:37:00.297985
unhaze,https://web.archive.org/web/20260528/http://unhaze.ai/,,,2026-07-17 07:37:04.395628
upfront,https://web.archive.org/web/20260528/http://tryupfront.com/,,,2026-07-17 07:37:09.000002
v-flow-medical-inc,https://web.archive.org/web/20240528/http://vflowmedicalinc.com/,,,2026-07-17 07:37:14.141644
valari,https://web.archive.org/web/20250128/http://valari.co/,,,2026-07-17 07:37:21.395037
vango-ai,https://web.archive.org/web/20230928/http://vango.ai/,,,2026-07-17 07:37:25.290299
vecindario,https://web.archive.org/web/20251128/http://vecindario.com/,,,2026-07-17 07:37:29.585536
verde,https://web.archive.org/web/20260528/http://verde.agr.br/,,,2026-07-17 07:37:33.871791
vessel,https://web.archive.org/web/20260528/http://vessel.dev/,,,2026-07-17 07:37:38.701835
vizly,https://web.archive.org/web/20250428/http://vizly.fyi/,,,2026-07-17 07:37:42.777178
wabi,https://web.archive.org/web/20230528/http://wabi.build/,,,2026-07-17 07:37:47.590888
weltio,https://web.archive.org/web/20231028/http://weltio.com/,,,2026-07-17 07:37:51.787838
wingback,https://web.archive.org/web/20260528/http://wingback.com/,,,2026-07-17 07:37:57.730843
wuri,https://web.archive.org/web/20240828/http://wuri.in/,,,2026-07-17 07:38:03.188386
zage,https://web.archive.org/web/20230628/http://tryzage.com/,,,2026-07-17 07:38:09.010225
zeroframe,https://web.archive.org/web/20260328/http://zeroframe.ai/,,,2026-07-17 07:38:13.614317
zoltar-labs,https://web.archive.org/web/20260528/http://zoltarlabs.com/,,,2026-07-17 07:38:19.454869
